-- phpMyAdmin SQL Dump
-- version 4.8.5
-- https://www.phpmyadmin.net/
--
-- Host: localhost
-- Generation Time: Jul 09, 2020 at 01:18 AM
-- Server version: 10.1.38-MariaDB
-- PHP Version: 7.3.4

SET SQL_MODE = "NO_AUTO_VALUE_ON_ZERO";
SET AUTOCOMMIT = 0;
START TRANSACTION;
SET time_zone = "+00:00";


/*!40101 SET @OLD_CHARACTER_SET_CLIENT=@@CHARACTER_SET_CLIENT */;
/*!40101 SET @OLD_CHARACTER_SET_RESULTS=@@CHARACTER_SET_RESULTS */;
/*!40101 SET @OLD_COLLATION_CONNECTION=@@COLLATION_CONNECTION */;
/*!40101 SET NAMES utf8mb4 */;

--
-- Database: `skripsi`
--

-- --------------------------------------------------------

--
-- Table structure for table `annotation`
--

CREATE TABLE `annotation` (
  `id` bigint(20) UNSIGNED NOT NULL,
  `sensor_id` bigint(20) NOT NULL,
  `value` int(11) NOT NULL,
  `cur_sensor_val` int(11) NOT NULL,
  `label` varchar(191) COLLATE utf8mb4_unicode_ci NOT NULL
) ENGINE=InnoDB DEFAULT CHARSET=utf8mb4 COLLATE=utf8mb4_unicode_ci;

--
-- Dumping data for table `annotation`
--

INSERT INTO `annotation` (`id`, `sensor_id`, `value`, `cur_sensor_val`, `label`) VALUES
(1, 19, 1, 501, '27-02-2020 08:01'),
(2, 19, 18, 574, '27-02-2020 08:32'),
(3, 19, 35, 657, '27-02-2020 08:59'),
(4, 20, 1, 28, '27-02-2020 08:01'),
(5, 20, 18, 29, '27-02-2020 08:31'),
(6, 20, 35, 30, '27-02-2020 08:59'),
(8, 21, 1, 546, '28-02-2020 15:27'),
(9, 21, 18, 650, '28-02-2020 15:48'),
(10, 21, 35, 677, '29-02-2020 09:30'),
(11, 22, 1, 30, '28-02-2020 15:24'),
(12, 22, 18, 30, '28-02-2020 15:55'),
(13, 22, 35, 31, '29-02-2020 09:30'),
(14, 23, 1, 542, '28-02-2020 17:19'),
(15, 23, 18, 656, '28-02-2020 17:49'),
(16, 23, 35, 706, '29-02-2020 10:01'),
(17, 24, 1, 30, '28-02-2020 17:19'),
(18, 24, 18, 31, '28-02-2020 17:49'),
(19, 24, 35, 32, '29-02-2020 10:01'),
(20, 25, 3, 40, '16-05-2020 21:37');

-- --------------------------------------------------------

--
-- Table structure for table `migrations`
--

CREATE TABLE `migrations` (
  `id` int(10) UNSIGNED NOT NULL,
  `migration` varchar(191) COLLATE utf8mb4_unicode_ci NOT NULL,
  `batch` int(11) NOT NULL
) ENGINE=InnoDB DEFAULT CHARSET=utf8mb4 COLLATE=utf8mb4_unicode_ci;

--
-- Dumping data for table `migrations`
--

INSERT INTO `migrations` (`id`, `migration`, `batch`) VALUES
(1, '2014_10_12_000000_create_users_table', 1),
(2, '2014_10_12_100000_create_password_resets_table', 1),
(3, '2019_08_09_003614_rename_email_to_user_number', 2),
(4, '2019_08_19_140129_remove_email_verified_at_in_users', 3),
(5, '2019_08_19_140239_remove_email_verified_at_in_users', 4),
(6, '2019_08_26_120058_create_nodes_table', 5),
(7, '2019_08_26_120533_create_nodes_table1', 6),
(8, '2019_08_26_130541_create_sensors_table', 7),
(9, '2019_08_26_134236_create_sensor_values_table', 8),
(10, '2019_08_26_140747_add_api_to_nodes', 9),
(11, '2019_08_26_142851_add_alert_to_sensors', 10),
(12, '2019_08_26_143242_add_field_name_to_sensors', 11),
(13, '2019_08_26_144236_remove_alert_from_sensors', 12),
(14, '2019_08_28_082220_remove_field_name_from_sensors', 13),
(15, '2019_08_28_084455_remove_url_from_nodes', 14),
(16, '2019_12_21_193102_create_notifications_table', 15),
(17, '2020_05_15_051425_create_verification_table', 16),
(18, '2020_05_17_205954_create_annotation_table', 17);

-- --------------------------------------------------------

--
-- Table structure for table `nodes`
--

CREATE TABLE `nodes` (
  `id` bigint(20) UNSIGNED NOT NULL,
  `created_at` timestamp NULL DEFAULT NULL,
  `updated_at` timestamp NULL DEFAULT NULL,
  `name` varchar(191) COLLATE utf8mb4_unicode_ci NOT NULL,
  `description` mediumtext COLLATE utf8mb4_unicode_ci NOT NULL,
  `access_type` tinyint(4) NOT NULL,
  `user_id` int(11) NOT NULL,
  `api_key` varchar(191) COLLATE utf8mb4_unicode_ci NOT NULL
) ENGINE=InnoDB DEFAULT CHARSET=utf8mb4 COLLATE=utf8mb4_unicode_ci;

--
-- Dumping data for table `nodes`
--

INSERT INTO `nodes` (`id`, `created_at`, `updated_at`, `name`, `description`, `access_type`, `user_id`, `api_key`) VALUES
(16, '2020-02-26 13:12:50', '2020-05-17 16:41:51', 'Ulang 1', 'apalah', 1, 4, 'c4mz7'),
(17, '2020-02-26 13:13:50', '2020-07-06 10:26:19', 'Ulang 2', 'Desk', 1, 4, 'om9l7'),
(18, '2020-02-26 13:14:50', '2020-07-06 10:26:28', 'Ulang 3', 'aa', 1, 4, '41pmt'),
(19, '2020-05-14 14:35:15', '2020-05-14 14:35:15', 'test', 'deskripsi', 1, 4, '9rgz6');

-- --------------------------------------------------------

--
-- Table structure for table `notifications`
--

CREATE TABLE `notifications` (
  `id` char(36) COLLATE utf8mb4_unicode_ci NOT NULL,
  `type` varchar(191) COLLATE utf8mb4_unicode_ci NOT NULL,
  `notifiable_type` varchar(191) COLLATE utf8mb4_unicode_ci NOT NULL,
  `notifiable_id` bigint(20) UNSIGNED NOT NULL,
  `data` text COLLATE utf8mb4_unicode_ci NOT NULL,
  `read_at` timestamp NULL DEFAULT NULL,
  `created_at` timestamp NULL DEFAULT NULL,
  `updated_at` timestamp NULL DEFAULT NULL
) ENGINE=InnoDB DEFAULT CHARSET=utf8mb4 COLLATE=utf8mb4_unicode_ci;

--
-- Dumping data for table `notifications`
--

INSERT INTO `notifications` (`id`, `type`, `notifiable_type`, `notifiable_id`, `data`, `read_at`, `created_at`, `updated_at`) VALUES
('29ea2318-00c1-4b4e-b2a0-a4ca9e8c08c4', 'App\\Notifications\\SensorNotif', 'App\\User', 4, '{\"node_id\":25,\"node\":\"test\",\"sensor\":\"sensor 1\",\"status\":\"Panjang\",\"value\":\"40\",\"unit\":\"cm\"}', '2020-05-16 14:46:31', '2020-05-16 14:44:34', '2020-05-16 14:46:31'),
('2a6ed485-cd5e-4fd6-8cd6-e325495fa0c9', 'App\\Notifications\\SensorNotif', 'App\\User', 4, '{\"node_id\":26,\"node\":\"test\",\"sensor\":\"sensor 2\",\"status\":null,\"value\":\"25.00\",\"unit\":\"px\"}', NULL, '2020-07-08 23:09:11', '2020-07-08 23:09:11'),
('2cc16550-7490-4f35-97fd-d98156a22585', 'App\\Notifications\\SensorNotif', 'App\\User', 4, '{\"node_id\":25,\"node\":\"test\",\"sensor\":\"sensor 1\",\"status\":\"Panjang\",\"value\":\"40\",\"unit\":\"cm\"}', '2020-05-16 14:46:31', '2020-05-16 14:31:59', '2020-05-16 14:46:31'),
('31711a1e-e9b6-4bb8-8317-2260a56712dd', 'App\\Notifications\\SensorNotif', 'App\\User', 4, '{\"node_id\":25,\"node\":\"test\",\"sensor\":\"sensor 1\",\"status\":\"Sangat panjang\",\"value\":\"1178\",\"unit\":\"cm\"}', '2020-05-20 14:30:11', '2020-05-20 14:28:31', '2020-05-20 14:30:11'),
('4bb26bf6-772a-4344-a0d3-bf2c135aef8a', 'App\\Notifications\\SensorNotif', 'App\\User', 4, '{\"node_id\":25,\"node\":\"test\",\"sensor\":\"sensor 1\",\"status\":\"Panjang\",\"value\":\"40\",\"unit\":\"cm\"}', '2020-05-16 14:46:31', '2020-05-16 14:37:56', '2020-05-16 14:46:31'),
('609db457-89fe-4455-99df-0a4ca9cbcf45', 'App\\Notifications\\SensorNotif', 'App\\User', 4, '{\"node_id\":25,\"node\":\"test\",\"sensor\":\"sensor 1\",\"status\":\"Panjang\",\"value\":\"40\",\"unit\":\"cm\"}', '2020-05-16 14:27:39', '2020-05-16 14:27:33', '2020-05-16 14:27:39'),
('72f67e8c-e34c-4e24-bee5-8e09902e1190', 'App\\Notifications\\SensorNotif', 'App\\User', 4, '{\"node_id\":25,\"node\":\"test\",\"sensor\":\"sensor 1\",\"status\":\"Normal\",\"value\":\"20\",\"unit\":\"cm\"}', '2020-05-17 16:26:35', '2020-05-17 16:24:18', '2020-05-17 16:26:35'),
('7bab24a7-cbff-4907-8efa-2bc6ab64f7eb', 'App\\Notifications\\SensorNotif', 'App\\User', 4, '{\"node_id\":25,\"node\":\"test\",\"sensor\":\"sensor 1\",\"status\":\"Sangat panjang\",\"value\":\"90\",\"unit\":\"cm\"}', '2020-05-17 16:26:35', '2020-05-17 16:21:58', '2020-05-17 16:26:35'),
('7c1292c7-35f8-4543-ab53-3ef4d33e6125', 'App\\Notifications\\SensorNotif', 'App\\User', 4, '{\"node_id\":25,\"node\":\"test\",\"sensor\":\"sensor 1\",\"status\":\"Sangat panjang\",\"value\":\"687\",\"unit\":\"cm\"}', NULL, '2020-07-08 23:10:56', '2020-07-08 23:10:56'),
('7c6f9277-36f4-4633-940d-39199f4191dd', 'App\\Notifications\\SensorNotif', 'App\\User', 4, '{\"node_id\":25,\"node\":\"test\",\"sensor\":\"sensor 1\",\"status\":\"Panjang\",\"value\":\"40\",\"unit\":\"cm\"}', '2020-05-16 14:46:31', '2020-05-16 14:41:36', '2020-05-16 14:46:31'),
('95f1eedd-90ec-493d-b5ba-19235c6090d3', 'App\\Notifications\\SensorNotif', 'App\\User', 4, '{\"node_id\":25,\"node\":\"test\",\"sensor\":\"sensor 1\",\"status\":\"Panjang\",\"value\":\"40\",\"unit\":\"cm\"}', '2020-05-16 14:46:31', '2020-05-16 14:41:01', '2020-05-16 14:46:31'),
('a5dee09f-c43e-4833-a129-5e587c0512f7', 'App\\Notifications\\SensorNotif', 'App\\User', 4, '{\"node_id\":1,\"node\":\"node nama\",\"sensor\":\"nama sensor\",\"status\":\"berbahaya\",\"value\":35,\"unit\":\"cm\"}', '2020-05-15 16:13:04', '2020-05-15 16:12:46', '2020-05-15 16:13:04'),
('a94c851f-69f5-4dab-859d-28b43f80726a', 'App\\Notifications\\SensorNotif', 'App\\User', 4, '{\"node_id\":25,\"node\":\"test\",\"sensor\":\"sensor 1\",\"status\":\"Panjang\",\"value\":\"40\",\"unit\":\"cm\"}', '2020-05-16 14:46:31', '2020-05-16 14:40:06', '2020-05-16 14:46:31'),
('b57b7779-b648-41ed-9d22-2f92021e3dd9', 'App\\Notifications\\SensorNotif', 'App\\User', 4, '{\"node_id\":25,\"node\":\"test\",\"sensor\":\"sensor 1\",\"status\":\"Panjang\",\"value\":\"40\",\"unit\":\"cm\"}', '2020-05-16 14:46:31', '2020-05-16 14:39:18', '2020-05-16 14:46:31'),
('db424b57-3540-43d3-abe4-0882d648b7f4', 'App\\Notifications\\SensorNotif', 'App\\User', 4, '{\"node_id\":26,\"node\":\"test\",\"sensor\":\"sensor 2\",\"status\":null,\"value\":\"25.00\",\"unit\":\"px\"}', NULL, '2020-07-08 23:09:15', '2020-07-08 23:09:15'),
('dc1d65f9-f4f6-49db-96ed-0401de9c5abd', 'App\\Notifications\\SensorNotif', 'App\\User', 4, '{\"node_id\":1,\"node\":\"node nama\",\"sensor\":\"nama sensor\",\"status\":\"berbahaya\",\"value\":35,\"unit\":\"cm\"}', '2020-05-15 16:09:30', '2020-05-15 16:09:25', '2020-05-15 16:09:30'),
('e2a577a7-ef5a-499b-b26c-610ceb6555df', 'App\\Notifications\\SensorNotif', 'App\\User', 4, '{\"node_id\":26,\"node\":\"test\",\"sensor\":\"sensor 2\",\"status\":null,\"value\":\"25.00\",\"unit\":\"px\"}', NULL, '2020-07-08 23:09:29', '2020-07-08 23:09:29'),
('ec897e1b-0dec-4a41-a8d0-fa7f47dffe42', 'App\\Notifications\\SensorNotif', 'App\\User', 4, '{\"node_id\":26,\"node\":\"test\",\"sensor\":\"sensor 2\",\"status\":null,\"value\":\"29.00\",\"unit\":\"px\"}', '2020-05-20 14:30:11', '2020-05-20 14:28:26', '2020-05-20 14:30:11'),
('fdb7336c-c608-4e9c-9866-02993e54fba9', 'App\\Notifications\\SensorNotif', 'App\\User', 4, '{\"node_id\":26,\"node\":\"test\",\"sensor\":\"sensor 2\",\"status\":null,\"value\":\"25.00\",\"unit\":\"px\"}', NULL, '2020-07-08 23:10:56', '2020-07-08 23:10:56');

-- --------------------------------------------------------

--
-- Table structure for table `password_resets`
--

CREATE TABLE `password_resets` (
  `email` varchar(191) COLLATE utf8mb4_unicode_ci NOT NULL,
  `token` varchar(191) COLLATE utf8mb4_unicode_ci NOT NULL,
  `created_at` timestamp NULL DEFAULT NULL
) ENGINE=InnoDB DEFAULT CHARSET=utf8mb4 COLLATE=utf8mb4_unicode_ci;

--
-- Dumping data for table `password_resets`
--

INSERT INTO `password_resets` (`email`, `token`, `created_at`) VALUES
('normansyarif@icloud.com', '$2y$10$r64WeSQqbBMQqjS5s903pOWdLJbxg3TUarE0fPDSMl18Bc.zt9mO6', '2020-05-15 05:54:52');

-- --------------------------------------------------------

--
-- Table structure for table `sensors`
--

CREATE TABLE `sensors` (
  `id` bigint(20) UNSIGNED NOT NULL,
  `name` varchar(191) COLLATE utf8mb4_unicode_ci NOT NULL,
  `unit` varchar(191) COLLATE utf8mb4_unicode_ci NOT NULL,
  `status` tinyint(4) NOT NULL DEFAULT '1',
  `limit_values` mediumtext COLLATE utf8mb4_unicode_ci,
  `last_status` enum('0','1','2','3','4') COLLATE utf8mb4_unicode_ci DEFAULT NULL,
  `is_notif` tinyint(4) NOT NULL DEFAULT '0',
  `last_notif` int(11) NOT NULL,
  `node_id` int(11) NOT NULL
) ENGINE=InnoDB DEFAULT CHARSET=utf8mb4 COLLATE=utf8mb4_unicode_ci;

--
-- Dumping data for table `sensors`
--

INSERT INTO `sensors` (`id`, `name`, `unit`, `status`, `limit_values`, `last_status`, `is_notif`, `last_notif`, `node_id`) VALUES
(7, 'Karbon Dioksida', 'ppm', 1, NULL, NULL, 0, 0, 9),
(9, 'Temperatur', 'celcius', 1, NULL, NULL, 0, 0, 9),
(10, 'Suhu', 'C', 1, NULL, NULL, 0, 0, 8),
(19, 'Karbon Dioksida', 'ppm', 2, '[{\"name\":\"normal di luar ruangan\",\"limit\":\"400\",\"color\":\"#00a2bb\"},{\"name\":\"normal di ruangan berpenghuni\",\"limit\":\"400\",\"color\":\"#04c548\"},{\"name\":\"penghuni merasa mengantuk\",\"limit\":\"1000\",\"color\":\"#eda20f\"},{\"name\":\"penghuni merasa pengap dan sakit kepala\",\"limit\":\"2000\",\"color\":\"#ff1f00\"},{\"name\":\"terdapat gas lain dlm jumlah besar\",\"limit\":\"5000\",\"color\":\"#000000\"}]', NULL, 1, 1589731705, 16),
(20, 'Temperatur Udara', 'derajat C', 2, '[{\"name\":\"terlalu dingin\",\"limit\":\"23\",\"color\":\"#00a2bb\"},{\"name\":\"normal\",\"limit\":\"23\",\"color\":\"#04c548\"},{\"name\":\"terlalu panas\",\"limit\":\"29\",\"color\":\"#ff1f00\"},{\"name\":null,\"limit\":\"29\",\"color\":\"#000000\"},{\"name\":null,\"limit\":\"29\",\"color\":\"#000000\"}]', NULL, 1, 1589731819, 16),
(21, 'Karbon Dioksida', 'ppm', 2, '[{\"name\":\"normal di luar ruangan\",\"limit\":\"400\",\"color\":\"#00a2bb\"},{\"name\":\"normal di ruangan berpenghuni\",\"limit\":\"400\",\"color\":\"#04c548\"},{\"name\":\"penghuni merasa mengantuk\",\"limit\":\"1000\",\"color\":\"#eda20f\"},{\"name\":\"penghuni merasa pengap dan sakit kepala\",\"limit\":\"2000\",\"color\":\"#ff1f00\"},{\"name\":\"terdapat gas lain dlm jumlah besar\",\"limit\":\"5000\",\"color\":\"#000000\"}]', NULL, 1, 1589729735, 17),
(22, 'Temperatur Udara', 'derajat C', 2, '[{\"name\":\"terlalu dingin\",\"limit\":\"23\",\"color\":\"#00a2bb\"},{\"name\":\"normal\",\"limit\":\"23\",\"color\":\"#04c548\"},{\"name\":\"terlalu panas\",\"limit\":\"29\",\"color\":\"#ff1f00\"},{\"name\":null,\"limit\":\"29\",\"color\":\"#000000\"},{\"name\":null,\"limit\":\"29\",\"color\":\"#000000\"}]', NULL, 1, 1589729742, 17),
(23, 'Karbon Dioksida', 'ppm', 2, '[{\"name\":\"normal di luar ruangan\",\"limit\":\"400\",\"color\":\"#00a2bb\"},{\"name\":\"normal di ruangan berpenghuni\",\"limit\":\"400\",\"color\":\"#04c548\"},{\"name\":\"penghuni merasa mengantuk\",\"limit\":\"1000\",\"color\":\"#eda20f\"},{\"name\":\"penghuni merasa pengap dan sakit kepala\",\"limit\":\"2000\",\"color\":\"#ff1f00\"},{\"name\":\"terdapat gas lain dlm jumlah besar\",\"limit\":\"5000\",\"color\":\"#000000\"}]', NULL, 1, 1589729717, 18),
(24, 'Temperatur Udara', 'derajat C', 2, '[{\"name\":\"terlalu dingin\",\"limit\":\"23\",\"color\":\"#00a2bb\"},{\"name\":\"normal\",\"limit\":\"23\",\"color\":\"#04c548\"},{\"name\":\"terlalu panas\",\"limit\":\"29\",\"color\":\"#ff1f00\"},{\"name\":null,\"limit\":\"29\",\"color\":\"#000000\"},{\"name\":null,\"limit\":\"29\",\"color\":\"#000000\"}]', NULL, 1, 1589729724, 18),
(25, 'sensor 1', 'cm', 1, '[{\"name\":\"Sangat pendek\",\"limit\":\"0\",\"color\":\"#1360ed\"},{\"name\":\"Pendek\",\"limit\":\"0\",\"color\":\"#04dccc\"},{\"name\":\"Normal\",\"limit\":\"20\",\"color\":\"#3cf000\"},{\"name\":\"Panjang\",\"limit\":\"40\",\"color\":\"#e7ca00\"},{\"name\":\"Sangat panjang\",\"limit\":\"60\",\"color\":\"#e21d1d\"}]', '3', 1, 1594249856, 19),
(26, 'sensor 2', 'px', 1, NULL, '0', 1, 1594249856, 19);

-- --------------------------------------------------------

--
-- Table structure for table `sensor_values`
--

CREATE TABLE `sensor_values` (
  `id` bigint(20) UNSIGNED NOT NULL,
  `value` int(11) NOT NULL,
  `sensor_id` int(11) NOT NULL,
  `added_at` int(11) NOT NULL
) ENGINE=InnoDB DEFAULT CHARSET=utf8mb4 COLLATE=utf8mb4_unicode_ci;

--
-- Dumping data for table `sensor_values`
--

INSERT INTO `sensor_values` (`id`, `value`, `sensor_id`, `added_at`) VALUES
(5853, 463, 19, 1582763545),
(5854, 27, 20, 1582763554),
(5855, 463, 19, 1582763554),
(5856, 27, 20, 1582763563),
(5857, 473, 19, 1582763563),
(5858, 27, 20, 1582763572),
(5859, 463, 19, 1582763572),
(5860, 27, 20, 1582763580),
(5861, 463, 19, 1582763580),
(5862, 27, 20, 1582763589),
(5863, 473, 19, 1582763589),
(5864, 27, 20, 1582763598),
(5865, 473, 19, 1582763598),
(5866, 27, 20, 1582763607),
(5867, 473, 19, 1582763607),
(5868, 27, 20, 1582763616),
(5869, 463, 19, 1582763616),
(5870, 27, 20, 1582763625),
(5871, 463, 19, 1582763625),
(5872, 27, 20, 1582763634),
(5873, 473, 19, 1582763634),
(5874, 27, 20, 1582763643),
(5875, 454, 19, 1582763643),
(5876, 27, 20, 1582763652),
(5877, 473, 19, 1582763652),
(5878, 27, 20, 1582763661),
(5879, 463, 19, 1582763661),
(5880, 27, 20, 1582763670),
(5881, 473, 19, 1582763670),
(5882, 27, 20, 1582763679),
(5883, 454, 19, 1582763679),
(5884, 27, 20, 1582763688),
(5885, 454, 19, 1582763688),
(5886, 27, 20, 1582763696),
(5887, 454, 19, 1582763696),
(5888, 27, 20, 1582763705),
(5889, 463, 19, 1582763705),
(5890, 27, 20, 1582763714),
(5891, 463, 19, 1582763714),
(5892, 27, 20, 1582763723),
(5893, 473, 19, 1582763723),
(5894, 27, 20, 1582763732),
(5895, 463, 19, 1582763732),
(5896, 27, 20, 1582763741),
(5897, 473, 19, 1582763741),
(5898, 27, 20, 1582763750),
(5899, 463, 19, 1582763750),
(5900, 27, 20, 1582763759),
(5901, 454, 19, 1582763759),
(5902, 27, 20, 1582763768),
(5903, 463, 19, 1582763768),
(5904, 27, 20, 1582763777),
(5905, 463, 19, 1582763777),
(5906, 27, 20, 1582763786),
(5907, 463, 19, 1582763786),
(5908, 27, 20, 1582763795),
(5909, 463, 19, 1582763795),
(5910, 27, 20, 1582763804),
(5911, 473, 19, 1582763804),
(5912, 27, 20, 1582763812),
(5913, 463, 19, 1582763812),
(5914, 27, 20, 1582763821),
(5915, 473, 19, 1582763821),
(5916, 27, 20, 1582763830),
(5917, 473, 19, 1582763830),
(5918, 27, 20, 1582763839),
(5919, 473, 19, 1582763839),
(5920, 27, 20, 1582763848),
(5921, 473, 19, 1582763848),
(5922, 27, 20, 1582763857),
(5923, 482, 19, 1582763857),
(5924, 27, 20, 1582763866),
(5925, 473, 19, 1582763866),
(5926, 27, 20, 1582763875),
(5927, 482, 19, 1582763875),
(5928, 27, 20, 1582763884),
(5929, 463, 19, 1582763884),
(5930, 27, 20, 1582763893),
(5931, 473, 19, 1582763893),
(5932, 27, 20, 1582763902),
(5933, 473, 19, 1582763902),
(5934, 27, 20, 1582763911),
(5935, 463, 19, 1582763911),
(5936, 27, 20, 1582763919),
(5937, 473, 19, 1582763919),
(5938, 27, 20, 1582763928),
(5939, 463, 19, 1582763928),
(5940, 27, 20, 1582763937),
(5941, 473, 19, 1582763937),
(5942, 27, 20, 1582763946),
(5943, 463, 19, 1582763946),
(5944, 27, 20, 1582763955),
(5945, 463, 19, 1582763955),
(5946, 27, 20, 1582763964),
(5947, 473, 19, 1582763964),
(5948, 27, 20, 1582763973),
(5949, 473, 19, 1582763973),
(5950, 27, 20, 1582763982),
(5951, 473, 19, 1582763982),
(5952, 27, 20, 1582763991),
(5953, 463, 19, 1582763991),
(5954, 27, 20, 1582764000),
(5955, 473, 19, 1582764000),
(5956, 27, 20, 1582764009),
(5957, 482, 19, 1582764009),
(5958, 27, 20, 1582764018),
(5959, 492, 19, 1582764018),
(5960, 27, 20, 1582764026),
(5961, 482, 19, 1582764026),
(5962, 27, 20, 1582764035),
(5963, 492, 19, 1582764035),
(5964, 27, 20, 1582764044),
(5965, 482, 19, 1582764044),
(5966, 27, 20, 1582764053),
(5967, 482, 19, 1582764053),
(5968, 27, 20, 1582764062),
(5969, 473, 19, 1582764062),
(5970, 27, 20, 1582764071),
(5971, 492, 19, 1582764071),
(5972, 27, 20, 1582764080),
(5973, 492, 19, 1582764080),
(5974, 27, 20, 1582764089),
(5975, 482, 19, 1582764089),
(5976, 27, 20, 1582764098),
(5977, 482, 19, 1582764098),
(5978, 27, 20, 1582764107),
(5979, 492, 19, 1582764107),
(5980, 27, 20, 1582764116),
(5981, 482, 19, 1582764116),
(5982, 27, 20, 1582764125),
(5983, 492, 19, 1582764125),
(5984, 27, 20, 1582764134),
(5985, 492, 19, 1582764134),
(5986, 27, 20, 1582764143),
(5987, 492, 19, 1582764143),
(5988, 27, 20, 1582764151),
(5989, 482, 19, 1582764151),
(5990, 27, 20, 1582764160),
(5991, 492, 19, 1582764160),
(5992, 27, 20, 1582764169),
(5993, 482, 19, 1582764169),
(5994, 27, 20, 1582764178),
(5995, 492, 19, 1582764178),
(5996, 27, 20, 1582764187),
(5997, 482, 19, 1582764187),
(5998, 27, 20, 1582764196),
(5999, 492, 19, 1582764196),
(6000, 27, 20, 1582764205),
(6001, 482, 19, 1582764205),
(6002, 27, 20, 1582764214),
(6003, 482, 19, 1582764214),
(6004, 27, 20, 1582764223),
(6005, 492, 19, 1582764223),
(6006, 27, 20, 1582764232),
(6007, 492, 19, 1582764232),
(6008, 27, 20, 1582764241),
(6009, 482, 19, 1582764241),
(6010, 27, 20, 1582764250),
(6011, 482, 19, 1582764250),
(6012, 27, 20, 1582764258),
(6013, 492, 19, 1582764258),
(6014, 27, 20, 1582764267),
(6015, 482, 19, 1582764267),
(6016, 27, 20, 1582764276),
(6017, 482, 19, 1582764276),
(6018, 27, 20, 1582764285),
(6019, 492, 19, 1582764285),
(6020, 27, 20, 1582764294),
(6021, 482, 19, 1582764294),
(6022, 27, 20, 1582764303),
(6023, 492, 19, 1582764303),
(6024, 27, 20, 1582764312),
(6025, 492, 19, 1582764312),
(6026, 27, 20, 1582764321),
(6027, 482, 19, 1582764321),
(6028, 27, 20, 1582764330),
(6029, 482, 19, 1582764330),
(6030, 27, 20, 1582764339),
(6031, 482, 19, 1582764339),
(6032, 27, 20, 1582764348),
(6033, 492, 19, 1582764348),
(6034, 27, 20, 1582764357),
(6035, 492, 19, 1582764357),
(6036, 27, 20, 1582764366),
(6037, 482, 19, 1582764366),
(6038, 27, 20, 1582764374),
(6039, 482, 19, 1582764374),
(6040, 27, 20, 1582764383),
(6041, 482, 19, 1582764383),
(6042, 27, 20, 1582764392),
(6043, 482, 19, 1582764392),
(6044, 28, 20, 1582764401),
(6045, 482, 19, 1582764401),
(6046, 27, 20, 1582764410),
(6047, 482, 19, 1582764410),
(6048, 28, 20, 1582764419),
(6049, 482, 19, 1582764419),
(6050, 27, 20, 1582764428),
(6051, 482, 19, 1582764428),
(6052, 28, 20, 1582764437),
(6053, 482, 19, 1582764437),
(6054, 27, 20, 1582764446),
(6055, 482, 19, 1582764446),
(6056, 27, 20, 1582764455),
(6057, 492, 19, 1582764455),
(6058, 28, 20, 1582764464),
(6059, 492, 19, 1582764464),
(6060, 27, 20, 1582764472),
(6061, 492, 19, 1582764472),
(6062, 28, 20, 1582764481),
(6063, 492, 19, 1582764482),
(6064, 28, 20, 1582764490),
(6065, 482, 19, 1582764490),
(6066, 28, 20, 1582764499),
(6067, 482, 19, 1582764499),
(6068, 27, 20, 1582764508),
(6069, 492, 19, 1582764508),
(6070, 28, 20, 1582764517),
(6071, 482, 19, 1582764517),
(6072, 27, 20, 1582764526),
(6073, 492, 19, 1582764526),
(6074, 27, 20, 1582764535),
(6075, 482, 19, 1582764535),
(6076, 27, 20, 1582764544),
(6077, 482, 19, 1582764544),
(6078, 27, 20, 1582764553),
(6079, 482, 19, 1582764553),
(6080, 27, 20, 1582764562),
(6081, 492, 19, 1582764562),
(6082, 27, 20, 1582764571),
(6083, 473, 19, 1582764571),
(6084, 27, 20, 1582764580),
(6085, 492, 19, 1582764580),
(6086, 27, 20, 1582764589),
(6087, 492, 19, 1582764589),
(6088, 27, 20, 1582764597),
(6089, 482, 19, 1582764597),
(6090, 28, 20, 1582764606),
(6091, 482, 19, 1582764606),
(6092, 28, 20, 1582764615),
(6093, 482, 19, 1582764615),
(6094, 28, 20, 1582764624),
(6095, 482, 19, 1582764624),
(6096, 27, 20, 1582764633),
(6097, 473, 19, 1582764633),
(6098, 27, 20, 1582764642),
(6099, 482, 19, 1582764642),
(6100, 28, 20, 1582764651),
(6101, 492, 19, 1582764651),
(6102, 28, 20, 1582764660),
(6103, 482, 19, 1582764660),
(6104, 27, 20, 1582764669),
(6105, 492, 19, 1582764669),
(6106, 27, 20, 1582764678),
(6107, 492, 19, 1582764678),
(6108, 27, 20, 1582764687),
(6109, 492, 19, 1582764687),
(6110, 27, 20, 1582764696),
(6111, 473, 19, 1582764696),
(6112, 27, 20, 1582764705),
(6113, 482, 19, 1582764705),
(6114, 27, 20, 1582764713),
(6115, 492, 19, 1582764713),
(6116, 27, 20, 1582764722),
(6117, 492, 19, 1582764722),
(6118, 27, 20, 1582764731),
(6119, 473, 19, 1582764731),
(6120, 27, 20, 1582764740),
(6121, 482, 19, 1582764740),
(6122, 27, 20, 1582764749),
(6123, 482, 19, 1582764749),
(6124, 27, 20, 1582764758),
(6125, 482, 19, 1582764758),
(6126, 27, 20, 1582764767),
(6127, 473, 19, 1582764767),
(6128, 27, 20, 1582764776),
(6129, 492, 19, 1582764776),
(6130, 27, 20, 1582764785),
(6131, 492, 19, 1582764785),
(6132, 27, 20, 1582764794),
(6133, 482, 19, 1582764794),
(6134, 27, 20, 1582764803),
(6135, 482, 19, 1582764803),
(6136, 27, 20, 1582764811),
(6137, 482, 19, 1582764811),
(6138, 27, 20, 1582764820),
(6139, 492, 19, 1582764820),
(6140, 27, 20, 1582764829),
(6141, 482, 19, 1582764829),
(6142, 27, 20, 1582764838),
(6143, 482, 19, 1582764838),
(6144, 27, 20, 1582764847),
(6145, 492, 19, 1582764847),
(6146, 27, 20, 1582764856),
(6147, 482, 19, 1582764856),
(6148, 27, 20, 1582764865),
(6149, 482, 19, 1582764865),
(6150, 27, 20, 1582764874),
(6151, 482, 19, 1582764874),
(6152, 27, 20, 1582764883),
(6153, 492, 19, 1582764883),
(6154, 27, 20, 1582764892),
(6155, 482, 19, 1582764892),
(6156, 27, 20, 1582764901),
(6157, 482, 19, 1582764901),
(6158, 27, 20, 1582764910),
(6159, 482, 19, 1582764910),
(6160, 27, 20, 1582764919),
(6161, 473, 19, 1582764919),
(6162, 27, 20, 1582764927),
(6163, 492, 19, 1582764927),
(6164, 27, 20, 1582764936),
(6165, 492, 19, 1582764936),
(6166, 27, 20, 1582764945),
(6167, 482, 19, 1582764945),
(6168, 27, 20, 1582764954),
(6169, 492, 19, 1582764954),
(6170, 28, 20, 1582764963),
(6171, 492, 19, 1582764963),
(6172, 28, 20, 1582764972),
(6173, 482, 19, 1582764972),
(6174, 28, 20, 1582764981),
(6175, 492, 19, 1582764981),
(6176, 28, 20, 1582764990),
(6177, 492, 19, 1582764990),
(6178, 28, 20, 1582764999),
(6179, 492, 19, 1582764999),
(6180, 28, 20, 1582765008),
(6181, 492, 19, 1582765008),
(6182, 28, 20, 1582765017),
(6183, 492, 19, 1582765017),
(6184, 28, 20, 1582765026),
(6185, 492, 19, 1582765026),
(6186, 28, 20, 1582765035),
(6187, 482, 19, 1582765035),
(6188, 28, 20, 1582765043),
(6189, 492, 19, 1582765043),
(6190, 28, 20, 1582765052),
(6191, 492, 19, 1582765052),
(6192, 28, 20, 1582765061),
(6193, 492, 19, 1582765061),
(6194, 28, 20, 1582765070),
(6195, 492, 19, 1582765070),
(6196, 28, 20, 1582765079),
(6197, 501, 19, 1582765079),
(6198, 28, 20, 1582765088),
(6199, 501, 19, 1582765088),
(6200, 28, 20, 1582765097),
(6201, 492, 19, 1582765097),
(6202, 28, 20, 1582765106),
(6203, 492, 19, 1582765106),
(6204, 28, 20, 1582765115),
(6205, 492, 19, 1582765115),
(6206, 28, 20, 1582765124),
(6207, 482, 19, 1582765124),
(6208, 28, 20, 1582765133),
(6209, 492, 19, 1582765133),
(6210, 28, 20, 1582765142),
(6211, 492, 19, 1582765142),
(6212, 28, 20, 1582765151),
(6213, 482, 19, 1582765151),
(6214, 28, 20, 1582765159),
(6215, 492, 19, 1582765159),
(6216, 28, 20, 1582765168),
(6217, 492, 19, 1582765168),
(6218, 28, 20, 1582765177),
(6219, 482, 19, 1582765177),
(6220, 28, 20, 1582765186),
(6221, 492, 19, 1582765186),
(6222, 28, 20, 1582765195),
(6223, 492, 19, 1582765195),
(6224, 28, 20, 1582765204),
(6225, 501, 19, 1582765204),
(6226, 28, 20, 1582765213),
(6227, 501, 19, 1582765213),
(6228, 28, 20, 1582765222),
(6229, 501, 19, 1582765222),
(6230, 28, 20, 1582765231),
(6231, 491, 19, 1582765231),
(6232, 27, 20, 1582765240),
(6233, 510, 19, 1582765240),
(6234, 27, 20, 1582765249),
(6235, 501, 19, 1582765249),
(6236, 28, 20, 1582765257),
(6237, 501, 19, 1582765257),
(6238, 27, 20, 1582765266),
(6239, 501, 19, 1582765266),
(6240, 28, 20, 1582765275),
(6241, 510, 19, 1582765275),
(6242, 27, 20, 1582765284),
(6243, 510, 19, 1582765284),
(6244, 27, 20, 1582765293),
(6245, 510, 19, 1582765293),
(6246, 27, 20, 1582765302),
(6247, 501, 19, 1582765302),
(6248, 28, 20, 1582765311),
(6249, 510, 19, 1582765311),
(6250, 27, 20, 1582765320),
(6251, 501, 19, 1582765320),
(6252, 27, 20, 1582765329),
(6253, 501, 19, 1582765329),
(6254, 28, 20, 1582765338),
(6255, 501, 19, 1582765338),
(6256, 27, 20, 1582765347),
(6257, 501, 19, 1582765347),
(6258, 27, 20, 1582765356),
(6259, 501, 19, 1582765356),
(6260, 27, 20, 1582765365),
(6261, 501, 19, 1582765365),
(6262, 27, 20, 1582765374),
(6263, 501, 19, 1582765374),
(6264, 27, 20, 1582765382),
(6265, 510, 19, 1582765382),
(6266, 27, 20, 1582765391),
(6267, 501, 19, 1582765391),
(6268, 27, 20, 1582765400),
(6269, 510, 19, 1582765400),
(6270, 27, 20, 1582765409),
(6271, 501, 19, 1582765409),
(6272, 27, 20, 1582765418),
(6273, 501, 19, 1582765418),
(6274, 27, 20, 1582765427),
(6275, 501, 19, 1582765427),
(6276, 27, 20, 1582765436),
(6277, 491, 19, 1582765436),
(6278, 27, 20, 1582765445),
(6279, 501, 19, 1582765445),
(6280, 27, 20, 1582765454),
(6281, 501, 19, 1582765454),
(6282, 27, 20, 1582765463),
(6283, 501, 19, 1582765463),
(6284, 27, 20, 1582765472),
(6285, 501, 19, 1582765472),
(6286, 27, 20, 1582765481),
(6287, 501, 19, 1582765481),
(6288, 27, 20, 1582765490),
(6289, 510, 19, 1582765490),
(6290, 27, 20, 1582765498),
(6291, 501, 19, 1582765498),
(6292, 27, 20, 1582765507),
(6293, 510, 19, 1582765507),
(6294, 27, 20, 1582765516),
(6295, 510, 19, 1582765516),
(6296, 27, 20, 1582765525),
(6297, 510, 19, 1582765525),
(6298, 27, 20, 1582765534),
(6299, 510, 19, 1582765534),
(6300, 27, 20, 1582765543),
(6301, 510, 19, 1582765543),
(6302, 27, 20, 1582765552),
(6303, 519, 19, 1582765552),
(6304, 27, 20, 1582765561),
(6305, 510, 19, 1582765561),
(6306, 27, 20, 1582765570),
(6307, 510, 19, 1582765570),
(6308, 27, 20, 1582765579),
(6309, 519, 19, 1582765579),
(6310, 27, 20, 1582765588),
(6311, 510, 19, 1582765588),
(6312, 27, 20, 1582765597),
(6313, 510, 19, 1582765597),
(6314, 27, 20, 1582765605),
(6315, 510, 19, 1582765605),
(6316, 27, 20, 1582765614),
(6317, 519, 19, 1582765614),
(6318, 27, 20, 1582765623),
(6319, 519, 19, 1582765623),
(6320, 27, 20, 1582765632),
(6321, 510, 19, 1582765632),
(6322, 27, 20, 1582765641),
(6323, 519, 19, 1582765641),
(6324, 27, 20, 1582765650),
(6325, 510, 19, 1582765650),
(6326, 27, 20, 1582765659),
(6327, 519, 19, 1582765659),
(6328, 27, 20, 1582765668),
(6329, 510, 19, 1582765668),
(6330, 27, 20, 1582765677),
(6331, 519, 19, 1582765677),
(6332, 27, 20, 1582765686),
(6333, 519, 19, 1582765686),
(6334, 27, 20, 1582765695),
(6335, 519, 19, 1582765695),
(6336, 27, 20, 1582765704),
(6337, 519, 19, 1582765704),
(6338, 27, 20, 1582765712),
(6339, 519, 19, 1582765712),
(6340, 27, 20, 1582765721),
(6341, 510, 19, 1582765721),
(6342, 27, 20, 1582765730),
(6343, 519, 19, 1582765730),
(6344, 27, 20, 1582765739),
(6345, 519, 19, 1582765739),
(6346, 27, 20, 1582765748),
(6347, 519, 19, 1582765748),
(6348, 27, 20, 1582765757),
(6349, 519, 19, 1582765757),
(6350, 28, 20, 1582765766),
(6351, 519, 19, 1582765766),
(6352, 27, 20, 1582765775),
(6353, 519, 19, 1582765775),
(6354, 28, 20, 1582765784),
(6355, 519, 19, 1582765784),
(6356, 28, 20, 1582765793),
(6357, 528, 19, 1582765793),
(6358, 27, 20, 1582765802),
(6359, 528, 19, 1582765802),
(6360, 28, 20, 1582765810),
(6361, 528, 19, 1582765810),
(6362, 28, 20, 1582765819),
(6363, 528, 19, 1582765819),
(6364, 28, 20, 1582765828),
(6365, 528, 19, 1582765828),
(6366, 28, 20, 1582765837),
(6367, 528, 19, 1582765837),
(6368, 28, 20, 1582765846),
(6369, 537, 19, 1582765846),
(6370, 28, 20, 1582765855),
(6371, 537, 19, 1582765855),
(6372, 28, 20, 1582765864),
(6373, 528, 19, 1582765864),
(6374, 28, 20, 1582765873),
(6375, 528, 19, 1582765873),
(6376, 28, 20, 1582765882),
(6377, 537, 19, 1582765882),
(6378, 28, 20, 1582765891),
(6379, 537, 19, 1582765891),
(6380, 28, 20, 1582765900),
(6381, 537, 19, 1582765900),
(6382, 28, 20, 1582765909),
(6383, 528, 19, 1582765909),
(6384, 28, 20, 1582765917),
(6385, 537, 19, 1582765917),
(6386, 28, 20, 1582765926),
(6387, 537, 19, 1582765926),
(6388, 28, 20, 1582765935),
(6389, 537, 19, 1582765935),
(6390, 28, 20, 1582765944),
(6391, 537, 19, 1582765944),
(6392, 28, 20, 1582765953),
(6393, 547, 19, 1582765953),
(6394, 28, 20, 1582765962),
(6395, 528, 19, 1582765962),
(6396, 28, 20, 1582765971),
(6397, 537, 19, 1582765971),
(6398, 28, 20, 1582765980),
(6399, 537, 19, 1582765980),
(6400, 28, 20, 1582765989),
(6401, 528, 19, 1582765989),
(6402, 28, 20, 1582765998),
(6403, 537, 19, 1582765998),
(6404, 28, 20, 1582766007),
(6405, 528, 19, 1582766007),
(6406, 28, 20, 1582766016),
(6407, 528, 19, 1582766016),
(6408, 28, 20, 1582766025),
(6409, 537, 19, 1582766025),
(6410, 28, 20, 1582766033),
(6411, 537, 19, 1582766033),
(6412, 28, 20, 1582766042),
(6413, 528, 19, 1582766042),
(6414, 28, 20, 1582766051),
(6415, 528, 19, 1582766051),
(6416, 28, 20, 1582766060),
(6417, 537, 19, 1582766060),
(6418, 28, 20, 1582766069),
(6419, 528, 19, 1582766069),
(6420, 28, 20, 1582766078),
(6421, 528, 19, 1582766078),
(6422, 28, 20, 1582766087),
(6423, 537, 19, 1582766087),
(6424, 28, 20, 1582766096),
(6425, 537, 19, 1582766096),
(6426, 28, 20, 1582766105),
(6427, 537, 19, 1582766105),
(6428, 28, 20, 1582766114),
(6429, 537, 19, 1582766114),
(6430, 28, 20, 1582766123),
(6431, 528, 19, 1582766123),
(6432, 28, 20, 1582766132),
(6433, 537, 19, 1582766132),
(6434, 28, 20, 1582766141),
(6435, 528, 19, 1582766141),
(6436, 28, 20, 1582766149),
(6437, 528, 19, 1582766149),
(6438, 28, 20, 1582766158),
(6439, 528, 19, 1582766158),
(6440, 28, 20, 1582766167),
(6441, 528, 19, 1582766167),
(6442, 28, 20, 1582766176),
(6443, 537, 19, 1582766176),
(6444, 28, 20, 1582766185),
(6445, 537, 19, 1582766185),
(6446, 28, 20, 1582766194),
(6447, 556, 19, 1582766194),
(6448, 28, 20, 1582766203),
(6449, 537, 19, 1582766203),
(6450, 28, 20, 1582766212),
(6451, 537, 19, 1582766212),
(6452, 28, 20, 1582766221),
(6453, 547, 19, 1582766221),
(6454, 28, 20, 1582766230),
(6455, 537, 19, 1582766230),
(6456, 28, 20, 1582766239),
(6457, 547, 19, 1582766239),
(6458, 28, 20, 1582766247),
(6459, 547, 19, 1582766247),
(6460, 28, 20, 1582766256),
(6461, 547, 19, 1582766256),
(6462, 28, 20, 1582766265),
(6463, 556, 19, 1582766265),
(6464, 28, 20, 1582766274),
(6465, 547, 19, 1582766274),
(6466, 28, 20, 1582766283),
(6467, 556, 19, 1582766283),
(6468, 28, 20, 1582766292),
(6469, 556, 19, 1582766292),
(6470, 28, 20, 1582766301),
(6471, 566, 19, 1582766301),
(6472, 28, 20, 1582766310),
(6473, 537, 19, 1582766310),
(6474, 28, 20, 1582766319),
(6475, 537, 19, 1582766319),
(6476, 28, 20, 1582766328),
(6477, 537, 19, 1582766328),
(6478, 28, 20, 1582766337),
(6479, 547, 19, 1582766337),
(6480, 28, 20, 1582766346),
(6481, 537, 19, 1582766346),
(6482, 28, 20, 1582766355),
(6483, 537, 19, 1582766355),
(6484, 28, 20, 1582766364),
(6485, 547, 19, 1582766364),
(6486, 28, 20, 1582766372),
(6487, 537, 19, 1582766372),
(6488, 28, 20, 1582766381),
(6489, 537, 19, 1582766381),
(6490, 28, 20, 1582766390),
(6491, 547, 19, 1582766390),
(6492, 28, 20, 1582766399),
(6493, 528, 19, 1582766399),
(6494, 28, 20, 1582766408),
(6495, 546, 19, 1582766408),
(6496, 28, 20, 1582766417),
(6497, 546, 19, 1582766417),
(6498, 28, 20, 1582766426),
(6499, 546, 19, 1582766426),
(6500, 28, 20, 1582766435),
(6501, 546, 19, 1582766435),
(6502, 28, 20, 1582766444),
(6503, 546, 19, 1582766444),
(6504, 28, 20, 1582766453),
(6505, 546, 19, 1582766453),
(6506, 28, 20, 1582766462),
(6507, 556, 19, 1582766462),
(6508, 27, 20, 1582766471),
(6509, 546, 19, 1582766471),
(6510, 28, 20, 1582766479),
(6511, 546, 19, 1582766479),
(6512, 28, 20, 1582766488),
(6513, 546, 19, 1582766488),
(6514, 28, 20, 1582766497),
(6515, 556, 19, 1582766497),
(6516, 28, 20, 1582766506),
(6517, 546, 19, 1582766506),
(6518, 28, 20, 1582766515),
(6519, 546, 19, 1582766515),
(6520, 28, 20, 1582766524),
(6521, 556, 19, 1582766524),
(6522, 28, 20, 1582766533),
(6523, 546, 19, 1582766533),
(6524, 28, 20, 1582766542),
(6525, 556, 19, 1582766542),
(6526, 28, 20, 1582766551),
(6527, 565, 19, 1582766551),
(6528, 28, 20, 1582766560),
(6529, 556, 19, 1582766560),
(6530, 28, 20, 1582766569),
(6531, 546, 19, 1582766569),
(6532, 28, 20, 1582766578),
(6533, 556, 19, 1582766578),
(6534, 28, 20, 1582766587),
(6535, 556, 19, 1582766587),
(6536, 28, 20, 1582766595),
(6537, 556, 19, 1582766595),
(6538, 28, 20, 1582766604),
(6539, 556, 19, 1582766604),
(6540, 28, 20, 1582766613),
(6541, 556, 19, 1582766613),
(6542, 28, 20, 1582766622),
(6543, 556, 19, 1582766622),
(6544, 28, 20, 1582766631),
(6545, 556, 19, 1582766631),
(6546, 28, 20, 1582766640),
(6547, 565, 19, 1582766640),
(6548, 28, 20, 1582766649),
(6549, 556, 19, 1582766649),
(6550, 28, 20, 1582766658),
(6551, 556, 19, 1582766658),
(6552, 28, 20, 1582766667),
(6553, 565, 19, 1582766667),
(6554, 28, 20, 1582766676),
(6555, 565, 19, 1582766676),
(6556, 28, 20, 1582766685),
(6557, 565, 19, 1582766685),
(6558, 28, 20, 1582766694),
(6559, 565, 19, 1582766694),
(6560, 28, 20, 1582766702),
(6561, 574, 19, 1582766702),
(6562, 28, 20, 1582766711),
(6563, 574, 19, 1582766711),
(6564, 28, 20, 1582766720),
(6565, 574, 19, 1582766720),
(6566, 28, 20, 1582766729),
(6567, 574, 19, 1582766729),
(6568, 28, 20, 1582766738),
(6569, 574, 19, 1582766738),
(6570, 28, 20, 1582766747),
(6571, 555, 19, 1582766747),
(6572, 28, 20, 1582766756),
(6573, 565, 19, 1582766756),
(6574, 28, 20, 1582766765),
(6575, 574, 19, 1582766765),
(6576, 28, 20, 1582766774),
(6577, 565, 19, 1582766774),
(6578, 27, 20, 1582766783),
(6579, 565, 19, 1582766783),
(6580, 28, 20, 1582766792),
(6581, 565, 19, 1582766792),
(6582, 27, 20, 1582766801),
(6583, 565, 19, 1582766801),
(6584, 27, 20, 1582766810),
(6585, 565, 19, 1582766810),
(6586, 27, 20, 1582766818),
(6587, 565, 19, 1582766818),
(6588, 28, 20, 1582766827),
(6589, 565, 19, 1582766827),
(6590, 29, 20, 1582766836),
(6591, 574, 19, 1582766836),
(6592, 29, 20, 1582766845),
(6593, 565, 19, 1582766845),
(6594, 28, 20, 1582766854),
(6595, 574, 19, 1582766854),
(6596, 28, 20, 1582766863),
(6597, 565, 19, 1582766863),
(6598, 28, 20, 1582766872),
(6599, 574, 19, 1582766872),
(6600, 28, 20, 1582766881),
(6601, 565, 19, 1582766881),
(6602, 28, 20, 1582766890),
(6603, 574, 19, 1582766890),
(6604, 28, 20, 1582766899),
(6605, 574, 19, 1582766899),
(6606, 28, 20, 1582766908),
(6607, 574, 19, 1582766908),
(6608, 28, 20, 1582766917),
(6609, 574, 19, 1582766917),
(6610, 28, 20, 1582766925),
(6611, 574, 19, 1582766925),
(6612, 29, 20, 1582766934),
(6613, 574, 19, 1582766934),
(6614, 28, 20, 1582766943),
(6615, 574, 19, 1582766943),
(6616, 28, 20, 1582766952),
(6617, 574, 19, 1582766952),
(6618, 28, 20, 1582766961),
(6619, 565, 19, 1582766961),
(6620, 29, 20, 1582766970),
(6621, 574, 19, 1582766970),
(6622, 28, 20, 1582766979),
(6623, 574, 19, 1582766979),
(6624, 28, 20, 1582766988),
(6625, 574, 19, 1582766988),
(6626, 28, 20, 1582766997),
(6627, 574, 19, 1582766997),
(6628, 28, 20, 1582767006),
(6629, 574, 19, 1582767006),
(6630, 29, 20, 1582767015),
(6631, 574, 19, 1582767015),
(6632, 29, 20, 1582767024),
(6633, 574, 19, 1582767024),
(6634, 28, 20, 1582767032),
(6635, 574, 19, 1582767032),
(6636, 29, 20, 1582767041),
(6637, 574, 19, 1582767041),
(6638, 29, 20, 1582767050),
(6639, 574, 19, 1582767050),
(6640, 29, 20, 1582767059),
(6641, 574, 19, 1582767059),
(6642, 28, 20, 1582767068),
(6643, 584, 19, 1582767068),
(6644, 29, 20, 1582767077),
(6645, 574, 19, 1582767077),
(6646, 29, 20, 1582767086),
(6647, 574, 19, 1582767086),
(6648, 29, 20, 1582767095),
(6649, 574, 19, 1582767095),
(6650, 29, 20, 1582767104),
(6651, 574, 19, 1582767104),
(6652, 29, 20, 1582767113),
(6653, 584, 19, 1582767113),
(6654, 29, 20, 1582767122),
(6655, 584, 19, 1582767122),
(6656, 29, 20, 1582767131),
(6657, 593, 19, 1582767131),
(6658, 28, 20, 1582767140),
(6659, 593, 19, 1582767140),
(6660, 28, 20, 1582767148),
(6661, 593, 19, 1582767148),
(6662, 28, 20, 1582767157),
(6663, 593, 19, 1582767157),
(6664, 28, 20, 1582767166),
(6665, 574, 19, 1582767166),
(6666, 28, 20, 1582767175),
(6667, 574, 19, 1582767175),
(6668, 28, 20, 1582767184),
(6669, 565, 19, 1582767184),
(6670, 28, 20, 1582767193),
(6671, 574, 19, 1582767193),
(6672, 28, 20, 1582767202),
(6673, 574, 19, 1582767202),
(6674, 28, 20, 1582767211),
(6675, 574, 19, 1582767211),
(6676, 28, 20, 1582767220),
(6677, 574, 19, 1582767220),
(6678, 28, 20, 1582767229),
(6679, 574, 19, 1582767229),
(6680, 28, 20, 1582767238),
(6681, 574, 19, 1582767238),
(6682, 28, 20, 1582767247),
(6683, 574, 19, 1582767247),
(6684, 28, 20, 1582767255),
(6685, 574, 19, 1582767255),
(6686, 28, 20, 1582767264),
(6687, 584, 19, 1582767264),
(6688, 28, 20, 1582767273),
(6689, 574, 19, 1582767273),
(6690, 28, 20, 1582767282),
(6691, 574, 19, 1582767282),
(6692, 28, 20, 1582767291),
(6693, 565, 19, 1582767291),
(6694, 28, 20, 1582767300),
(6695, 574, 19, 1582767300),
(6696, 28, 20, 1582767309),
(6697, 564, 19, 1582767309),
(6698, 28, 20, 1582767318),
(6699, 564, 19, 1582767318),
(6700, 28, 20, 1582767327),
(6701, 574, 19, 1582767327),
(6702, 28, 20, 1582767336),
(6703, 564, 19, 1582767336),
(6704, 28, 20, 1582767345),
(6705, 574, 19, 1582767345),
(6706, 28, 20, 1582767354),
(6707, 564, 19, 1582767354),
(6708, 28, 20, 1582767363),
(6709, 564, 19, 1582767363),
(6710, 28, 20, 1582767372),
(6711, 574, 19, 1582767372),
(6712, 28, 20, 1582767380),
(6713, 574, 19, 1582767380),
(6714, 28, 20, 1582767389),
(6715, 574, 19, 1582767389),
(6716, 28, 20, 1582767398),
(6717, 583, 19, 1582767398),
(6718, 28, 20, 1582767407),
(6719, 574, 19, 1582767407),
(6720, 28, 20, 1582767416),
(6721, 574, 19, 1582767416),
(6722, 28, 20, 1582767425),
(6723, 574, 19, 1582767425),
(6724, 28, 20, 1582767434),
(6725, 574, 19, 1582767434),
(6726, 28, 20, 1582767443),
(6727, 583, 19, 1582767443),
(6728, 28, 20, 1582767452),
(6729, 583, 19, 1582767452),
(6730, 28, 20, 1582767461),
(6731, 574, 19, 1582767461),
(6732, 28, 20, 1582767470),
(6733, 574, 19, 1582767470),
(6734, 28, 20, 1582767479),
(6735, 574, 19, 1582767479),
(6736, 28, 20, 1582767487),
(6737, 583, 19, 1582767487),
(6738, 28, 20, 1582767496),
(6739, 583, 19, 1582767496),
(6740, 28, 20, 1582767505),
(6741, 574, 19, 1582767505),
(6742, 28, 20, 1582767514),
(6743, 574, 19, 1582767514),
(6744, 28, 20, 1582767523),
(6745, 574, 19, 1582767523),
(6746, 28, 20, 1582767532),
(6747, 574, 19, 1582767532),
(6748, 28, 20, 1582767541),
(6749, 574, 19, 1582767541),
(6750, 28, 20, 1582767550),
(6751, 583, 19, 1582767550),
(6752, 28, 20, 1582767559),
(6753, 583, 19, 1582767559),
(6754, 28, 20, 1582767568),
(6755, 574, 19, 1582767568),
(6756, 28, 20, 1582767577),
(6757, 583, 19, 1582767577),
(6758, 29, 20, 1582767586),
(6759, 574, 19, 1582767586),
(6760, 28, 20, 1582767594),
(6761, 583, 19, 1582767594),
(6762, 28, 20, 1582767603),
(6763, 583, 19, 1582767603),
(6764, 28, 20, 1582767612),
(6765, 583, 19, 1582767612),
(6766, 28, 20, 1582767621),
(6767, 592, 19, 1582767621),
(6768, 28, 20, 1582767630),
(6769, 592, 19, 1582767630),
(6770, 28, 20, 1582767639),
(6771, 592, 19, 1582767639),
(6772, 28, 20, 1582767648),
(6773, 592, 19, 1582767648),
(6774, 28, 20, 1582767657),
(6775, 583, 19, 1582767657),
(6776, 29, 20, 1582767666),
(6777, 592, 19, 1582767666),
(6778, 29, 20, 1582767675),
(6779, 583, 19, 1582767675),
(6780, 29, 20, 1582767684),
(6781, 592, 19, 1582767684),
(6782, 28, 20, 1582767693),
(6783, 592, 19, 1582767693),
(6784, 29, 20, 1582767702),
(6785, 592, 19, 1582767702),
(6786, 29, 20, 1582767710),
(6787, 583, 19, 1582767710),
(6788, 29, 20, 1582767719),
(6789, 592, 19, 1582767719),
(6790, 29, 20, 1582767728),
(6791, 592, 19, 1582767728),
(6792, 29, 20, 1582767737),
(6793, 583, 19, 1582767737),
(6794, 29, 20, 1582767746),
(6795, 592, 19, 1582767746),
(6796, 29, 20, 1582767755),
(6797, 592, 19, 1582767755),
(6798, 29, 20, 1582767764),
(6799, 592, 19, 1582767764),
(6800, 29, 20, 1582767773),
(6801, 592, 19, 1582767773),
(6802, 29, 20, 1582767782),
(6803, 592, 19, 1582767782),
(6804, 29, 20, 1582767791),
(6805, 592, 19, 1582767791),
(6806, 29, 20, 1582767800),
(6807, 592, 19, 1582767800),
(6808, 29, 20, 1582767809),
(6809, 592, 19, 1582767809),
(6810, 29, 20, 1582767817),
(6811, 592, 19, 1582767817),
(6812, 29, 20, 1582767826),
(6813, 602, 19, 1582767826),
(6814, 29, 20, 1582767835),
(6815, 602, 19, 1582767835),
(6816, 29, 20, 1582767844),
(6817, 602, 19, 1582767844),
(6818, 29, 20, 1582767853),
(6819, 602, 19, 1582767853),
(6820, 29, 20, 1582767862),
(6821, 602, 19, 1582767862),
(6822, 29, 20, 1582767871),
(6823, 592, 19, 1582767871),
(6824, 29, 20, 1582767880),
(6825, 602, 19, 1582767880),
(6826, 30, 20, 1582767889),
(6827, 611, 19, 1582767889),
(6828, 30, 20, 1582767898),
(6829, 602, 19, 1582767898),
(6830, 30, 20, 1582767907),
(6831, 611, 19, 1582767907),
(6832, 30, 20, 1582767916),
(6833, 620, 19, 1582767916),
(6834, 30, 20, 1582767925),
(6835, 620, 19, 1582767925),
(6836, 30, 20, 1582767933),
(6837, 611, 19, 1582767933),
(6838, 30, 20, 1582767942),
(6839, 611, 19, 1582767942),
(6840, 30, 20, 1582767951),
(6841, 611, 19, 1582767951),
(6842, 30, 20, 1582767960),
(6843, 620, 19, 1582767960),
(6844, 30, 20, 1582767969),
(6845, 611, 19, 1582767969),
(6846, 30, 20, 1582767978),
(6847, 620, 19, 1582767978),
(6848, 30, 20, 1582767987),
(6849, 620, 19, 1582767987),
(6850, 30, 20, 1582767996),
(6851, 611, 19, 1582767996),
(6852, 30, 20, 1582768005),
(6853, 611, 19, 1582768005),
(6854, 30, 20, 1582768014),
(6855, 611, 19, 1582768014),
(6856, 30, 20, 1582768023),
(6857, 611, 19, 1582768023),
(6858, 30, 20, 1582768032),
(6859, 620, 19, 1582768032),
(6860, 30, 20, 1582768040),
(6861, 620, 19, 1582768040),
(6862, 30, 20, 1582768049),
(6863, 611, 19, 1582768049),
(6864, 30, 20, 1582768058),
(6865, 611, 19, 1582768058),
(6866, 30, 20, 1582768067),
(6867, 620, 19, 1582768067),
(6868, 30, 20, 1582768076),
(6869, 611, 19, 1582768076),
(6870, 30, 20, 1582768085),
(6871, 620, 19, 1582768085),
(6872, 30, 20, 1582768094),
(6873, 620, 19, 1582768094),
(6874, 30, 20, 1582768103),
(6875, 630, 19, 1582768103),
(6876, 30, 20, 1582768112),
(6877, 630, 19, 1582768112),
(6878, 30, 20, 1582768121),
(6879, 620, 19, 1582768121),
(6880, 30, 20, 1582768130),
(6881, 620, 19, 1582768130),
(6882, 30, 20, 1582768139),
(6883, 620, 19, 1582768139),
(6884, 30, 20, 1582768148),
(6885, 620, 19, 1582768148),
(6886, 30, 20, 1582768156),
(6887, 620, 19, 1582768156),
(6888, 30, 20, 1582768165),
(6889, 611, 19, 1582768165),
(6890, 30, 20, 1582768174),
(6891, 630, 19, 1582768174),
(6892, 30, 20, 1582768183),
(6893, 620, 19, 1582768183),
(6894, 30, 20, 1582768192),
(6895, 630, 19, 1582768192),
(6896, 30, 20, 1582768201),
(6897, 639, 19, 1582768201),
(6898, 30, 20, 1582768210),
(6899, 629, 19, 1582768210),
(6900, 30, 20, 1582768219),
(6901, 629, 19, 1582768219),
(6902, 30, 20, 1582768228),
(6903, 629, 19, 1582768228),
(6904, 30, 20, 1582768237),
(6905, 629, 19, 1582768237),
(6906, 30, 20, 1582768246),
(6907, 629, 19, 1582768246),
(6908, 30, 20, 1582768255),
(6909, 629, 19, 1582768255),
(6910, 30, 20, 1582768264),
(6911, 639, 19, 1582768264),
(6912, 30, 20, 1582768272),
(6913, 629, 19, 1582768272),
(6914, 30, 20, 1582768281),
(6915, 629, 19, 1582768281),
(6916, 30, 20, 1582768290),
(6917, 629, 19, 1582768290),
(6918, 30, 20, 1582768299),
(6919, 639, 19, 1582768299),
(6920, 30, 20, 1582768308),
(6921, 639, 19, 1582768308),
(6922, 30, 20, 1582768317),
(6923, 639, 19, 1582768317),
(6924, 30, 20, 1582768326),
(6925, 639, 19, 1582768326),
(6926, 30, 20, 1582768335),
(6927, 639, 19, 1582768335),
(6928, 30, 20, 1582768344),
(6929, 639, 19, 1582768344),
(6930, 30, 20, 1582768353),
(6931, 639, 19, 1582768353),
(6932, 30, 20, 1582768362),
(6933, 639, 19, 1582768362),
(6934, 30, 20, 1582768371),
(6935, 639, 19, 1582768371),
(6936, 30, 20, 1582768379),
(6937, 639, 19, 1582768379),
(6938, 30, 20, 1582768388),
(6939, 639, 19, 1582768388),
(6940, 30, 20, 1582768397),
(6941, 639, 19, 1582768397),
(6942, 30, 20, 1582768406),
(6943, 639, 19, 1582768406),
(6944, 30, 20, 1582768415),
(6945, 629, 19, 1582768415),
(6946, 30, 20, 1582768424),
(6947, 639, 19, 1582768424),
(6948, 30, 20, 1582768433),
(6949, 639, 19, 1582768433),
(6950, 30, 20, 1582768442),
(6951, 629, 19, 1582768442),
(6952, 30, 20, 1582768451),
(6953, 639, 19, 1582768451),
(6954, 30, 20, 1582768460),
(6955, 639, 19, 1582768460),
(6956, 30, 20, 1582768469),
(6957, 648, 19, 1582768469),
(6958, 30, 20, 1582768478),
(6959, 648, 19, 1582768478),
(6960, 30, 20, 1582768487),
(6961, 639, 19, 1582768487),
(6962, 30, 20, 1582768495),
(6963, 629, 19, 1582768495),
(6964, 30, 20, 1582768504),
(6965, 639, 19, 1582768504),
(6966, 30, 20, 1582768513),
(6967, 639, 19, 1582768513),
(6968, 30, 20, 1582768522),
(6969, 648, 19, 1582768522),
(6970, 30, 20, 1582768531),
(6971, 648, 19, 1582768531),
(6972, 30, 20, 1582768540),
(6973, 639, 19, 1582768540),
(6974, 30, 20, 1582768549),
(6975, 648, 19, 1582768549),
(6976, 30, 20, 1582768558),
(6977, 648, 19, 1582768558),
(6978, 30, 20, 1582768567),
(6979, 648, 19, 1582768567),
(6980, 30, 20, 1582768576),
(6981, 639, 19, 1582768576),
(6982, 30, 20, 1582768585),
(6983, 648, 19, 1582768585),
(6984, 30, 20, 1582768594),
(6985, 648, 19, 1582768594),
(6986, 30, 20, 1582768602),
(6987, 648, 19, 1582768602),
(6988, 30, 20, 1582768611),
(6989, 648, 19, 1582768611),
(6990, 30, 20, 1582768620),
(6991, 648, 19, 1582768620),
(6992, 30, 20, 1582768629),
(6993, 648, 19, 1582768629),
(6994, 30, 20, 1582768638),
(6995, 657, 19, 1582768638),
(6996, 30, 20, 1582768647),
(6997, 648, 19, 1582768647),
(6998, 30, 20, 1582768656),
(6999, 648, 19, 1582768656),
(7000, 30, 20, 1582768665),
(7001, 648, 19, 1582768665),
(7002, 30, 20, 1582768674),
(7003, 648, 19, 1582768674),
(7004, 30, 20, 1582768683),
(7005, 648, 19, 1582768683),
(7006, 30, 20, 1582768692),
(7007, 648, 19, 1582768692),
(7008, 30, 20, 1582768701),
(7009, 648, 19, 1582768701),
(7010, 30, 20, 1582768710),
(7011, 639, 19, 1582768710),
(7012, 30, 20, 1582768718),
(7013, 639, 19, 1582768718),
(7014, 29, 20, 1582768727),
(7015, 639, 19, 1582768727),
(7016, 30, 20, 1582768736),
(7017, 639, 19, 1582768736),
(7018, 29, 20, 1582768745),
(7019, 648, 19, 1582768745),
(7020, 29, 20, 1582768754),
(7021, 639, 19, 1582768754),
(7022, 29, 20, 1582768763),
(7023, 639, 19, 1582768763),
(7024, 29, 20, 1582768772),
(7025, 648, 19, 1582768772),
(7026, 29, 20, 1582768781),
(7027, 639, 19, 1582768781),
(7028, 29, 20, 1582768790),
(7029, 648, 19, 1582768790),
(7030, 30, 20, 1582768799),
(7031, 657, 19, 1582768799),
(7032, 30, 20, 1582768808),
(7033, 657, 19, 1582768808),
(7034, 30, 22, 1582941660),
(7035, 648, 21, 1582941660),
(7036, 30, 22, 1582941669),
(7037, 639, 21, 1582941669),
(7038, 30, 22, 1582941678),
(7039, 648, 21, 1582941678),
(7040, 30, 22, 1582941687),
(7041, 658, 21, 1582941687),
(7042, 30, 22, 1582941696),
(7043, 658, 21, 1582941696),
(7044, 30, 22, 1582941705),
(7045, 658, 21, 1582941705),
(7046, 30, 22, 1582941714),
(7047, 648, 21, 1582941714),
(7048, 30, 22, 1582941723),
(7049, 648, 21, 1582941723),
(7050, 30, 22, 1582941732),
(7051, 639, 21, 1582941732),
(7052, 30, 22, 1582941740),
(7053, 648, 21, 1582941740),
(7054, 30, 22, 1582941749),
(7055, 658, 21, 1582941749),
(7056, 30, 22, 1582941758),
(7057, 639, 21, 1582941758),
(7058, 30, 22, 1582941767),
(7059, 639, 21, 1582941767),
(7060, 30, 22, 1582941776),
(7061, 648, 21, 1582941776),
(7062, 30, 22, 1582941785),
(7063, 648, 21, 1582941785),
(7064, 30, 22, 1582941794),
(7065, 648, 21, 1582941794),
(7066, 30, 22, 1582941803),
(7067, 639, 21, 1582941803),
(7068, 30, 22, 1582941812),
(7069, 648, 21, 1582941812),
(7070, 30, 22, 1582941821),
(7071, 639, 21, 1582941821),
(7072, 30, 22, 1582941830),
(7073, 639, 21, 1582941830),
(7074, 30, 22, 1582941839),
(7075, 648, 21, 1582941839),
(7076, 30, 22, 1582941848),
(7077, 639, 21, 1582941848),
(7078, 30, 22, 1582941856),
(7079, 639, 21, 1582941856),
(7080, 30, 22, 1582941865),
(7081, 648, 21, 1582941865),
(7082, 30, 22, 1582941874),
(7083, 639, 21, 1582941874),
(7084, 30, 22, 1582941883),
(7085, 648, 21, 1582941883),
(7086, 30, 22, 1582941892),
(7087, 648, 21, 1582941892),
(7088, 30, 22, 1582941901),
(7089, 648, 21, 1582941901),
(7090, 30, 22, 1582941910),
(7091, 648, 21, 1582941910),
(7092, 30, 22, 1582941919),
(7093, 639, 21, 1582941919),
(7094, 30, 22, 1582941928),
(7095, 639, 21, 1582941928),
(7096, 30, 22, 1582941937),
(7097, 639, 21, 1582941937),
(7098, 30, 22, 1582941946),
(7099, 639, 21, 1582941946),
(7100, 30, 22, 1582941955),
(7101, 639, 21, 1582941955),
(7102, 30, 22, 1582941963),
(7103, 639, 21, 1582941963),
(7104, 30, 22, 1582941972),
(7105, 648, 21, 1582941972),
(7106, 30, 22, 1582941981),
(7107, 648, 21, 1582941981),
(7108, 30, 22, 1582941990),
(7109, 648, 21, 1582941990),
(7110, 30, 22, 1582941999),
(7111, 648, 21, 1582941999),
(7112, 30, 22, 1582942008),
(7113, 648, 21, 1582942008),
(7114, 30, 22, 1582942017),
(7115, 658, 21, 1582942017),
(7116, 30, 22, 1582942026),
(7117, 648, 21, 1582942026),
(7118, 30, 22, 1582942035),
(7119, 658, 21, 1582942035),
(7120, 30, 22, 1582942044),
(7121, 658, 21, 1582942044),
(7122, 30, 22, 1582942053),
(7123, 658, 21, 1582942053),
(7124, 30, 22, 1582942062),
(7125, 648, 21, 1582942062),
(7126, 30, 22, 1582942071),
(7127, 658, 21, 1582942071),
(7128, 30, 22, 1582942079),
(7129, 658, 21, 1582942079),
(7130, 30, 22, 1582942088),
(7131, 648, 21, 1582942088),
(7132, 30, 22, 1582942097),
(7133, 658, 21, 1582942097),
(7134, 30, 22, 1582942106),
(7135, 658, 21, 1582942106),
(7136, 30, 22, 1582942115),
(7137, 658, 21, 1582942115),
(7138, 30, 22, 1582942124),
(7139, 667, 21, 1582942124),
(7140, 30, 22, 1582942133),
(7141, 658, 21, 1582942133),
(7142, 30, 22, 1582942142),
(7143, 658, 21, 1582942142),
(7144, 30, 22, 1582942151),
(7145, 648, 21, 1582942151),
(7146, 30, 22, 1582942160),
(7147, 658, 21, 1582942160),
(7148, 30, 22, 1582942169),
(7149, 658, 21, 1582942169),
(7150, 30, 22, 1582942178),
(7151, 658, 21, 1582942178),
(7152, 30, 22, 1582942186),
(7153, 648, 21, 1582942186),
(7154, 30, 22, 1582942195),
(7155, 648, 21, 1582942195),
(7156, 30, 22, 1582942204),
(7157, 658, 21, 1582942204),
(7158, 30, 22, 1582942213),
(7159, 658, 21, 1582942213),
(7160, 30, 22, 1582942222),
(7161, 658, 21, 1582942222),
(7162, 30, 22, 1582942231),
(7163, 658, 21, 1582942231),
(7164, 30, 22, 1582942240),
(7165, 658, 21, 1582942240),
(7166, 30, 22, 1582942249),
(7167, 658, 21, 1582942249),
(7168, 30, 22, 1582942258),
(7169, 667, 21, 1582942258),
(7170, 30, 22, 1582942267),
(7171, 667, 21, 1582942267),
(7172, 30, 22, 1582942276),
(7173, 658, 21, 1582942276),
(7174, 30, 22, 1582942285),
(7175, 648, 21, 1582942285),
(7176, 30, 22, 1582942294),
(7177, 648, 21, 1582942294),
(7178, 30, 22, 1582942302),
(7179, 658, 21, 1582942302),
(7180, 30, 22, 1582942311),
(7181, 658, 21, 1582942311),
(7182, 30, 22, 1582942320),
(7183, 658, 21, 1582942320),
(7184, 30, 22, 1582942329),
(7185, 658, 21, 1582942329),
(7186, 30, 22, 1582942338),
(7187, 648, 21, 1582942338),
(7188, 30, 22, 1582942347),
(7189, 667, 21, 1582942347),
(7190, 30, 22, 1582942356),
(7191, 658, 21, 1582942356),
(7192, 30, 22, 1582942365),
(7193, 658, 21, 1582942365),
(7194, 30, 22, 1582942374),
(7195, 658, 21, 1582942374),
(7196, 31, 22, 1582942383),
(7197, 658, 21, 1582942383),
(7198, 31, 22, 1582942392),
(7199, 658, 21, 1582942392),
(7200, 31, 22, 1582942401),
(7201, 648, 21, 1582942401),
(7202, 31, 22, 1582942410),
(7203, 648, 21, 1582942410),
(7204, 31, 22, 1582942418),
(7205, 658, 21, 1582942418),
(7206, 31, 22, 1582942427),
(7207, 658, 21, 1582942427),
(7208, 31, 22, 1582942436),
(7209, 658, 21, 1582942436),
(7210, 31, 22, 1582942445),
(7211, 658, 21, 1582942445),
(7212, 30, 22, 1582942454),
(7213, 658, 21, 1582942454),
(7214, 30, 22, 1582942463),
(7215, 658, 21, 1582942463),
(7216, 31, 22, 1582942472),
(7217, 658, 21, 1582942472),
(7218, 31, 22, 1582942481),
(7219, 658, 21, 1582942481),
(7220, 31, 22, 1582942490),
(7221, 658, 21, 1582942490),
(7222, 31, 22, 1582942499),
(7223, 648, 21, 1582942499),
(7224, 31, 22, 1582942508),
(7225, 658, 21, 1582942508),
(7226, 31, 22, 1582942517),
(7227, 658, 21, 1582942517),
(7228, 31, 22, 1582942525),
(7229, 667, 21, 1582942525),
(7230, 31, 22, 1582942534),
(7231, 658, 21, 1582942534),
(7232, 30, 22, 1582942543),
(7233, 658, 21, 1582942543),
(7234, 30, 22, 1582942552),
(7235, 658, 21, 1582942552),
(7236, 31, 22, 1582942561),
(7237, 658, 21, 1582942561),
(7238, 31, 22, 1582942570),
(7239, 658, 21, 1582942570),
(7240, 30, 22, 1582942579),
(7241, 658, 21, 1582942579),
(7242, 31, 22, 1582942588),
(7243, 658, 21, 1582942588),
(7244, 31, 22, 1582942597),
(7245, 658, 21, 1582942597),
(7246, 31, 22, 1582942606),
(7247, 658, 21, 1582942606),
(7248, 31, 22, 1582942615),
(7249, 658, 21, 1582942615),
(7250, 31, 22, 1582942624),
(7251, 658, 21, 1582942624),
(7252, 31, 22, 1582942633),
(7253, 667, 21, 1582942633),
(7254, 31, 22, 1582942641),
(7255, 658, 21, 1582942641),
(7256, 31, 22, 1582942650),
(7257, 658, 21, 1582942650),
(7258, 31, 22, 1582942659),
(7259, 667, 21, 1582942659),
(7260, 31, 22, 1582942668),
(7261, 667, 21, 1582942668),
(7262, 31, 22, 1582942677),
(7263, 658, 21, 1582942677),
(7264, 31, 22, 1582942686),
(7265, 658, 21, 1582942686),
(7266, 31, 22, 1582942695),
(7267, 658, 21, 1582942695),
(7268, 31, 22, 1582942704),
(7269, 658, 21, 1582942704),
(7270, 31, 22, 1582942713),
(7271, 658, 21, 1582942713),
(7272, 31, 22, 1582942722),
(7273, 658, 21, 1582942722),
(7274, 31, 22, 1582942731),
(7275, 648, 21, 1582942731),
(7276, 31, 22, 1582942740),
(7277, 658, 21, 1582942740),
(7278, 31, 22, 1582942748),
(7279, 658, 21, 1582942748),
(7280, 30, 22, 1582942757),
(7281, 658, 21, 1582942757),
(7282, 31, 22, 1582942766),
(7283, 658, 21, 1582942766),
(7284, 31, 22, 1582942775),
(7285, 658, 21, 1582942775),
(7286, 31, 22, 1582942784),
(7287, 648, 21, 1582942784),
(7288, 31, 22, 1582942793),
(7289, 658, 21, 1582942793),
(7290, 31, 22, 1582942802),
(7291, 668, 21, 1582942802),
(7292, 31, 22, 1582942811),
(7293, 658, 21, 1582942811),
(7294, 31, 22, 1582942820),
(7295, 668, 21, 1582942820),
(7296, 31, 22, 1582942829),
(7297, 668, 21, 1582942829),
(7298, 31, 22, 1582942838),
(7299, 668, 21, 1582942838),
(7300, 31, 22, 1582942847),
(7301, 668, 21, 1582942847),
(7302, 31, 22, 1582942856),
(7303, 668, 21, 1582942856),
(7304, 31, 22, 1582942864),
(7305, 677, 21, 1582942864),
(7306, 31, 22, 1582942873),
(7307, 668, 21, 1582942873),
(7308, 31, 22, 1582942882),
(7309, 658, 21, 1582942882),
(7310, 31, 22, 1582942891),
(7311, 668, 21, 1582942891),
(7312, 31, 22, 1582942900),
(7313, 668, 21, 1582942900),
(7314, 31, 22, 1582942909),
(7315, 668, 21, 1582942909),
(7316, 31, 22, 1582942918),
(7317, 668, 21, 1582942918),
(7318, 31, 22, 1582942927),
(7319, 668, 21, 1582942927),
(7320, 31, 22, 1582942936),
(7321, 668, 21, 1582942936),
(7322, 31, 22, 1582942945),
(7323, 668, 21, 1582942945),
(7324, 31, 22, 1582942954),
(7325, 658, 21, 1582942954),
(7326, 31, 22, 1582942963),
(7327, 668, 21, 1582942963),
(7328, 31, 22, 1582942971),
(7329, 668, 21, 1582942971),
(7330, 31, 22, 1582942980),
(7331, 668, 21, 1582942980),
(7332, 31, 22, 1582942989),
(7333, 677, 21, 1582942989),
(7334, 31, 22, 1582942998),
(7335, 668, 21, 1582942998),
(7336, 31, 22, 1582943007),
(7337, 668, 21, 1582943007),
(7338, 31, 22, 1582943016),
(7339, 668, 21, 1582943016),
(7340, 31, 22, 1582943025),
(7341, 677, 21, 1582943025),
(7342, 31, 22, 1582943034),
(7343, 668, 21, 1582943034),
(7344, 31, 22, 1582943043),
(7345, 668, 21, 1582943043),
(7346, 31, 22, 1582943052),
(7347, 668, 21, 1582943052),
(7348, 31, 22, 1582943061),
(7349, 677, 21, 1582943061),
(7350, 31, 22, 1582943070),
(7351, 668, 21, 1582943070),
(7352, 31, 22, 1582943079),
(7353, 668, 21, 1582943079),
(7354, 31, 22, 1582943087),
(7355, 668, 21, 1582943087),
(7356, 31, 22, 1582943096),
(7357, 668, 21, 1582943096),
(7358, 31, 22, 1582943105),
(7359, 677, 21, 1582943105),
(7360, 31, 22, 1582943114),
(7361, 668, 21, 1582943114),
(7362, 31, 22, 1582943123),
(7363, 668, 21, 1582943123),
(7364, 31, 22, 1582943132),
(7365, 668, 21, 1582943132),
(7366, 31, 22, 1582943141),
(7367, 668, 21, 1582943141),
(7368, 31, 22, 1582943150),
(7369, 668, 21, 1582943150),
(7370, 31, 22, 1582943159),
(7371, 668, 21, 1582943159),
(7372, 31, 22, 1582943168),
(7373, 668, 21, 1582943168),
(7374, 31, 22, 1582943177),
(7375, 668, 21, 1582943177),
(7376, 31, 22, 1582943186),
(7377, 668, 21, 1582943186),
(7378, 31, 22, 1582943195),
(7379, 668, 21, 1582943195),
(7380, 31, 22, 1582943203),
(7381, 677, 21, 1582943203),
(7382, 31, 22, 1582943212),
(7383, 668, 21, 1582943212),
(7384, 31, 22, 1582943221),
(7385, 668, 21, 1582943221),
(7386, 31, 22, 1582943230),
(7387, 668, 21, 1582943230),
(7388, 31, 22, 1582943239),
(7389, 668, 21, 1582943239),
(7390, 31, 22, 1582943248),
(7391, 668, 21, 1582943248),
(7392, 31, 22, 1582943257),
(7393, 668, 21, 1582943257),
(7394, 31, 22, 1582943266),
(7395, 677, 21, 1582943266),
(7396, 31, 22, 1582943275),
(7397, 668, 21, 1582943275),
(7398, 32, 22, 1582943284),
(7399, 668, 21, 1582943284),
(7400, 32, 22, 1582943293),
(7401, 677, 21, 1582943293),
(7402, 32, 22, 1582943302),
(7403, 677, 21, 1582943302),
(7404, 32, 22, 1582943310),
(7405, 668, 21, 1582943310),
(7406, 32, 22, 1582943319),
(7407, 668, 21, 1582943319),
(7408, 32, 22, 1582943328),
(7409, 677, 21, 1582943328),
(7410, 32, 22, 1582943337),
(7411, 668, 21, 1582943337),
(7412, 32, 22, 1582943346),
(7413, 668, 21, 1582943346),
(7414, 32, 22, 1582943355),
(7415, 677, 21, 1582943355),
(7416, 32, 22, 1582943364),
(7417, 668, 21, 1582943364),
(7418, 32, 22, 1582943373),
(7419, 668, 21, 1582943373),
(7420, 32, 22, 1582943382),
(7421, 668, 21, 1582943382),
(7422, 32, 22, 1582943391),
(7423, 677, 21, 1582943391),
(7424, 31, 22, 1582943400),
(7425, 677, 21, 1582943400),
(7426, 31, 22, 1582943409),
(7427, 668, 21, 1582943409),
(7428, 31, 22, 1582943418),
(7429, 668, 21, 1582943418),
(7430, 31, 22, 1582943426),
(7431, 649, 21, 1582943426),
(7432, 31, 22, 1582943435),
(7433, 668, 21, 1582943435),
(7434, 31, 22, 1582943444),
(7435, 677, 21, 1582943444),
(7436, 31, 24, 1582943494),
(7437, 657, 23, 1582943494),
(7438, 31, 24, 1582943503),
(7439, 666, 23, 1582943503),
(7440, 31, 24, 1582943512),
(7441, 666, 23, 1582943512),
(7442, 31, 24, 1582943520),
(7443, 657, 23, 1582943520),
(7444, 31, 24, 1582943529),
(7445, 666, 23, 1582943529),
(7446, 31, 24, 1582943538),
(7447, 657, 23, 1582943538),
(7448, 31, 24, 1582943547),
(7449, 657, 23, 1582943547),
(7450, 31, 24, 1582943556),
(7451, 666, 23, 1582943556),
(7452, 31, 24, 1582943565),
(7453, 666, 23, 1582943565),
(7454, 31, 24, 1582943574),
(7455, 666, 23, 1582943574),
(7456, 32, 24, 1582943583),
(7457, 666, 23, 1582943583),
(7458, 32, 24, 1582943592),
(7459, 657, 23, 1582943592),
(7460, 32, 24, 1582943601),
(7461, 666, 23, 1582943601),
(7462, 32, 24, 1582943610),
(7463, 666, 23, 1582943610),
(7464, 32, 24, 1582943618),
(7465, 666, 23, 1582943618),
(7466, 32, 24, 1582943627),
(7467, 657, 23, 1582943627),
(7468, 32, 24, 1582943636),
(7469, 657, 23, 1582943636),
(7470, 32, 24, 1582943645),
(7471, 657, 23, 1582943645),
(7472, 31, 24, 1582943654),
(7473, 657, 23, 1582943654),
(7474, 31, 24, 1582943663),
(7475, 666, 23, 1582943663),
(7476, 31, 24, 1582943672),
(7477, 666, 23, 1582943672),
(7478, 31, 24, 1582943681),
(7479, 657, 23, 1582943681),
(7480, 31, 24, 1582943690),
(7481, 666, 23, 1582943690),
(7482, 31, 24, 1582943699),
(7483, 666, 23, 1582943699),
(7484, 32, 24, 1582943708),
(7485, 666, 23, 1582943708),
(7486, 31, 24, 1582943717),
(7487, 666, 23, 1582943717),
(7488, 32, 24, 1582943726),
(7489, 666, 23, 1582943726),
(7490, 32, 24, 1582943734),
(7491, 666, 23, 1582943734),
(7492, 31, 24, 1582943743),
(7493, 666, 23, 1582943743),
(7494, 31, 24, 1582943752),
(7495, 676, 23, 1582943752),
(7496, 32, 24, 1582943761),
(7497, 666, 23, 1582943761),
(7498, 32, 24, 1582943770),
(7499, 676, 23, 1582943770),
(7500, 32, 24, 1582943779),
(7501, 676, 23, 1582943779),
(7502, 32, 24, 1582943788),
(7503, 676, 23, 1582943788),
(7504, 32, 24, 1582943797),
(7505, 666, 23, 1582943797),
(7506, 32, 24, 1582943806),
(7507, 666, 23, 1582943806),
(7508, 32, 24, 1582943815),
(7509, 657, 23, 1582943815),
(7510, 32, 24, 1582943824),
(7511, 666, 23, 1582943824),
(7512, 32, 24, 1582943833),
(7513, 666, 23, 1582943833),
(7514, 32, 24, 1582943842),
(7515, 666, 23, 1582943842),
(7516, 32, 24, 1582943850),
(7517, 666, 23, 1582943850),
(7518, 32, 24, 1582943859),
(7519, 666, 23, 1582943859),
(7520, 32, 24, 1582943868),
(7521, 666, 23, 1582943868),
(7522, 32, 24, 1582943877),
(7523, 666, 23, 1582943877),
(7524, 32, 24, 1582943886),
(7525, 666, 23, 1582943886),
(7526, 32, 24, 1582943895),
(7527, 657, 23, 1582943895),
(7528, 32, 24, 1582943904),
(7529, 666, 23, 1582943904),
(7530, 32, 24, 1582943913),
(7531, 676, 23, 1582943913),
(7532, 32, 24, 1582943922),
(7533, 666, 23, 1582943922),
(7534, 32, 24, 1582943931),
(7535, 676, 23, 1582943931),
(7536, 32, 24, 1582943940),
(7537, 657, 23, 1582943940),
(7538, 32, 24, 1582943949),
(7539, 666, 23, 1582943949),
(7540, 32, 24, 1582943958),
(7541, 657, 23, 1582943958),
(7542, 32, 24, 1582943966),
(7543, 657, 23, 1582943966),
(7544, 32, 24, 1582943975),
(7545, 657, 23, 1582943975),
(7546, 32, 24, 1582943984),
(7547, 666, 23, 1582943984),
(7548, 32, 24, 1582943993),
(7549, 666, 23, 1582943993),
(7550, 32, 24, 1582944002),
(7551, 657, 23, 1582944002),
(7552, 32, 24, 1582944011),
(7553, 666, 23, 1582944011),
(7554, 32, 24, 1582944020),
(7555, 657, 23, 1582944020),
(7556, 32, 24, 1582944029),
(7557, 666, 23, 1582944029),
(7558, 32, 24, 1582944038),
(7559, 657, 23, 1582944038),
(7560, 32, 24, 1582944047),
(7561, 666, 23, 1582944047),
(7562, 32, 24, 1582944056),
(7563, 666, 23, 1582944056),
(7564, 32, 24, 1582944065),
(7565, 666, 23, 1582944065),
(7566, 32, 24, 1582944073),
(7567, 676, 23, 1582944073),
(7568, 32, 24, 1582944082),
(7569, 666, 23, 1582944082),
(7570, 32, 24, 1582944091),
(7571, 666, 23, 1582944091),
(7572, 32, 24, 1582944100),
(7573, 657, 23, 1582944100),
(7574, 32, 24, 1582944109),
(7575, 666, 23, 1582944109),
(7576, 32, 24, 1582944118),
(7577, 666, 23, 1582944118),
(7578, 32, 24, 1582944127),
(7579, 657, 23, 1582944127),
(7580, 32, 24, 1582944136),
(7581, 657, 23, 1582944136),
(7582, 32, 24, 1582944145),
(7583, 657, 23, 1582944145),
(7584, 32, 24, 1582944154),
(7585, 657, 23, 1582944154),
(7586, 32, 24, 1582944163),
(7587, 676, 23, 1582944163),
(7588, 32, 24, 1582944172),
(7589, 666, 23, 1582944172),
(7590, 32, 24, 1582944180),
(7591, 676, 23, 1582944180),
(7592, 32, 24, 1582944189),
(7593, 666, 23, 1582944189),
(7594, 32, 24, 1582944198),
(7595, 666, 23, 1582944198),
(7596, 32, 24, 1582944207),
(7597, 676, 23, 1582944207),
(7598, 32, 24, 1582944216),
(7599, 666, 23, 1582944216),
(7600, 32, 24, 1582944225),
(7601, 657, 23, 1582944225),
(7602, 32, 24, 1582944234),
(7603, 666, 23, 1582944234),
(7604, 32, 24, 1582944243),
(7605, 676, 23, 1582944243),
(7606, 32, 24, 1582944252),
(7607, 666, 23, 1582944252),
(7608, 32, 24, 1582944261),
(7609, 657, 23, 1582944261),
(7610, 32, 24, 1582944270),
(7611, 657, 23, 1582944270),
(7612, 32, 24, 1582944279),
(7613, 666, 23, 1582944279),
(7614, 32, 24, 1582944288),
(7615, 666, 23, 1582944288),
(7616, 32, 24, 1582944296),
(7617, 666, 23, 1582944296),
(7618, 32, 24, 1582944305),
(7619, 666, 23, 1582944305),
(7620, 32, 24, 1582944314),
(7621, 666, 23, 1582944314),
(7622, 32, 24, 1582944323),
(7623, 666, 23, 1582944323),
(7624, 32, 24, 1582944332),
(7625, 666, 23, 1582944332),
(7626, 32, 24, 1582944341),
(7627, 676, 23, 1582944341),
(7628, 32, 24, 1582944350),
(7629, 666, 23, 1582944350),
(7630, 32, 24, 1582944359),
(7631, 666, 23, 1582944359),
(7632, 32, 24, 1582944368),
(7633, 666, 23, 1582944368),
(7634, 32, 24, 1582944377),
(7635, 676, 23, 1582944377),
(7636, 32, 24, 1582944386),
(7637, 666, 23, 1582944386),
(7638, 32, 24, 1582944395),
(7639, 666, 23, 1582944395),
(7640, 32, 24, 1582944404),
(7641, 666, 23, 1582944404),
(7642, 32, 24, 1582944412),
(7643, 676, 23, 1582944412),
(7644, 32, 24, 1582944421),
(7645, 666, 23, 1582944421),
(7646, 32, 24, 1582944430),
(7647, 676, 23, 1582944430),
(7648, 32, 24, 1582944439),
(7649, 666, 23, 1582944439),
(7650, 32, 24, 1582944448),
(7651, 676, 23, 1582944448),
(7652, 32, 24, 1582944457),
(7653, 676, 23, 1582944457),
(7654, 32, 24, 1582944466),
(7655, 676, 23, 1582944466),
(7656, 32, 24, 1582944475),
(7657, 676, 23, 1582944475),
(7658, 32, 24, 1582944484),
(7659, 676, 23, 1582944484),
(7660, 32, 24, 1582944493),
(7661, 666, 23, 1582944493),
(7662, 32, 24, 1582944502),
(7663, 666, 23, 1582944502),
(7664, 32, 24, 1582944511),
(7665, 676, 23, 1582944511),
(7666, 32, 24, 1582944519),
(7667, 666, 23, 1582944519),
(7668, 32, 24, 1582944528),
(7669, 666, 23, 1582944528),
(7670, 32, 24, 1582944537),
(7671, 666, 23, 1582944537),
(7672, 32, 24, 1582944546),
(7673, 676, 23, 1582944546),
(7674, 32, 24, 1582944555),
(7675, 676, 23, 1582944555),
(7676, 32, 24, 1582944564),
(7677, 666, 23, 1582944564),
(7678, 32, 24, 1582944573),
(7679, 676, 23, 1582944573),
(7680, 32, 24, 1582944582),
(7681, 676, 23, 1582944582),
(7682, 32, 24, 1582944591),
(7683, 666, 23, 1582944591),
(7684, 32, 24, 1582944600),
(7685, 686, 23, 1582944600),
(7686, 32, 24, 1582944609),
(7687, 676, 23, 1582944609),
(7688, 32, 24, 1582944618),
(7689, 686, 23, 1582944618),
(7690, 32, 24, 1582944627),
(7691, 676, 23, 1582944627),
(7692, 32, 24, 1582944635),
(7693, 686, 23, 1582944635),
(7694, 32, 24, 1582944644),
(7695, 667, 23, 1582944644),
(7696, 32, 24, 1582944653),
(7697, 676, 23, 1582944653),
(7698, 32, 24, 1582944662),
(7699, 686, 23, 1582944662),
(7700, 32, 24, 1582944671),
(7701, 686, 23, 1582944671),
(7702, 32, 24, 1582944680),
(7703, 677, 23, 1582944680),
(7704, 32, 24, 1582944689),
(7705, 686, 23, 1582944689),
(7706, 32, 24, 1582944698),
(7707, 686, 23, 1582944698),
(7708, 32, 24, 1582944707),
(7709, 677, 23, 1582944707),
(7710, 32, 24, 1582944716),
(7711, 686, 23, 1582944716),
(7712, 32, 24, 1582944725),
(7713, 696, 23, 1582944725),
(7714, 32, 24, 1582944734),
(7715, 696, 23, 1582944734),
(7716, 32, 24, 1582944742),
(7717, 677, 23, 1582944742),
(7718, 32, 24, 1582944751),
(7719, 696, 23, 1582944751),
(7720, 32, 24, 1582944760),
(7721, 686, 23, 1582944760),
(7722, 32, 24, 1582944769),
(7723, 686, 23, 1582944769),
(7724, 32, 24, 1582944778),
(7725, 686, 23, 1582944778),
(7726, 32, 24, 1582944787),
(7727, 686, 23, 1582944787),
(7728, 32, 24, 1582944796),
(7729, 696, 23, 1582944796),
(7730, 32, 24, 1582944805),
(7731, 696, 23, 1582944805),
(7732, 32, 24, 1582944814),
(7733, 686, 23, 1582944814),
(7734, 32, 24, 1582944823),
(7735, 696, 23, 1582944823);
INSERT INTO `sensor_values` (`id`, `value`, `sensor_id`, `added_at`) VALUES
(7736, 32, 24, 1582944832),
(7737, 677, 23, 1582944832),
(7738, 32, 24, 1582944841),
(7739, 686, 23, 1582944841),
(7740, 32, 24, 1582944850),
(7741, 677, 23, 1582944850),
(7742, 32, 24, 1582944859),
(7743, 686, 23, 1582944859),
(7744, 32, 24, 1582944867),
(7745, 696, 23, 1582944867),
(7746, 32, 24, 1582944876),
(7747, 696, 23, 1582944876),
(7748, 32, 24, 1582944885),
(7749, 686, 23, 1582944885),
(7750, 32, 24, 1582944894),
(7751, 686, 23, 1582944894),
(7752, 32, 24, 1582944903),
(7753, 686, 23, 1582944903),
(7754, 32, 24, 1582944912),
(7755, 686, 23, 1582944912),
(7756, 32, 24, 1582944921),
(7757, 686, 23, 1582944921),
(7758, 32, 24, 1582944930),
(7759, 696, 23, 1582944930),
(7760, 32, 24, 1582944939),
(7761, 686, 23, 1582944939),
(7762, 32, 24, 1582944948),
(7763, 686, 23, 1582944948),
(7764, 32, 24, 1582944957),
(7765, 696, 23, 1582944957),
(7766, 32, 24, 1582944966),
(7767, 686, 23, 1582944966),
(7768, 32, 24, 1582944974),
(7769, 696, 23, 1582944974),
(7770, 32, 24, 1582944983),
(7771, 696, 23, 1582944983),
(7772, 32, 24, 1582944992),
(7773, 696, 23, 1582944992),
(7774, 32, 24, 1582945001),
(7775, 686, 23, 1582945001),
(7776, 32, 24, 1582945010),
(7777, 696, 23, 1582945010),
(7778, 32, 24, 1582945019),
(7779, 696, 23, 1582945019),
(7780, 32, 24, 1582945028),
(7781, 686, 23, 1582945028),
(7782, 32, 24, 1582945037),
(7783, 686, 23, 1582945037),
(7784, 32, 24, 1582945046),
(7785, 686, 23, 1582945046),
(7786, 32, 24, 1582945055),
(7787, 696, 23, 1582945055),
(7788, 32, 24, 1582945064),
(7789, 696, 23, 1582945064),
(7790, 32, 24, 1582945073),
(7791, 696, 23, 1582945073),
(7792, 32, 24, 1582945081),
(7793, 696, 23, 1582945081),
(7794, 32, 24, 1582945090),
(7795, 696, 23, 1582945090),
(7796, 32, 24, 1582945099),
(7797, 696, 23, 1582945099),
(7798, 32, 24, 1582945108),
(7799, 696, 23, 1582945108),
(7800, 32, 24, 1582945117),
(7801, 696, 23, 1582945117),
(7802, 32, 24, 1582945126),
(7803, 696, 23, 1582945126),
(7804, 32, 24, 1582945135),
(7805, 706, 23, 1582945135),
(7806, 32, 24, 1582945144),
(7807, 696, 23, 1582945144),
(7808, 32, 24, 1582945153),
(7809, 706, 23, 1582945153),
(7810, 32, 24, 1582945162),
(7811, 696, 23, 1582945162),
(7812, 32, 24, 1582945171),
(7813, 696, 23, 1582945171),
(7814, 32, 24, 1582945180),
(7815, 696, 23, 1582945180),
(7816, 32, 24, 1582945188),
(7817, 696, 23, 1582945189),
(7818, 32, 24, 1582945197),
(7819, 696, 23, 1582945197),
(7820, 32, 24, 1582945206),
(7821, 706, 23, 1582945206),
(7822, 32, 24, 1582945215),
(7823, 696, 23, 1582945215),
(7824, 32, 24, 1582945224),
(7825, 696, 23, 1582945224),
(7826, 32, 24, 1582945233),
(7827, 696, 23, 1582945233),
(7828, 32, 24, 1582945242),
(7829, 706, 23, 1582945242),
(7830, 32, 24, 1582945251),
(7831, 706, 23, 1582945251),
(7832, 32, 24, 1582945260),
(7833, 687, 23, 1582945260),
(7834, 32, 24, 1582945269),
(7835, 696, 23, 1582945269),
(7836, 32, 24, 1582945278),
(7837, 696, 23, 1582945278),
(7838, 32, 24, 1582945287),
(7839, 706, 23, 1582945287),
(7874, 30, 22, 1582876552),
(7875, 480, 21, 1582876552),
(7876, 30, 22, 1582876561),
(7877, 480, 21, 1582876561),
(7878, 30, 22, 1582876570),
(7879, 480, 21, 1582876570),
(7880, 30, 22, 1582876579),
(7881, 480, 21, 1582876579),
(7882, 30, 22, 1582876587),
(7883, 480, 21, 1582876587),
(7884, 30, 22, 1582876596),
(7885, 489, 21, 1582876596),
(7886, 30, 22, 1582876605),
(7887, 499, 21, 1582876605),
(7888, 30, 22, 1582876614),
(7889, 489, 21, 1582876614),
(7890, 30, 22, 1582876623),
(7891, 489, 21, 1582876623),
(7892, 30, 22, 1582876632),
(7893, 489, 21, 1582876632),
(7894, 30, 22, 1582876641),
(7895, 499, 21, 1582876641),
(7896, 30, 22, 1582876650),
(7897, 480, 21, 1582876650),
(7898, 30, 22, 1582876659),
(7899, 489, 21, 1582876659),
(7900, 29, 22, 1582876668),
(7901, 489, 21, 1582876668),
(7902, 30, 22, 1582876677),
(7903, 499, 21, 1582876677),
(7904, 30, 22, 1582876686),
(7905, 499, 21, 1582876686),
(7906, 30, 22, 1582876694),
(7907, 489, 21, 1582876694),
(7908, 30, 22, 1582876703),
(7909, 489, 21, 1582876703),
(7910, 30, 22, 1582876712),
(7911, 499, 21, 1582876712),
(7912, 30, 22, 1582876721),
(7913, 489, 21, 1582876721),
(7914, 30, 22, 1582876730),
(7915, 489, 21, 1582876730),
(7916, 30, 22, 1582876739),
(7917, 489, 21, 1582876739),
(7918, 30, 22, 1582876748),
(7919, 480, 21, 1582876748),
(7920, 30, 22, 1582876757),
(7921, 489, 21, 1582876757),
(7922, 29, 22, 1582876766),
(7923, 499, 21, 1582876766),
(7924, 30, 22, 1582876775),
(7925, 489, 21, 1582876775),
(7926, 30, 22, 1582876784),
(7927, 489, 21, 1582876784),
(7928, 30, 22, 1582876792),
(7929, 489, 21, 1582876792),
(7930, 30, 22, 1582876801),
(7931, 489, 21, 1582876801),
(7932, 30, 22, 1582876810),
(7933, 489, 21, 1582876810),
(7934, 30, 22, 1582876819),
(7935, 489, 21, 1582876819),
(7936, 30, 22, 1582876828),
(7937, 489, 21, 1582876828),
(7938, 30, 22, 1582876837),
(7939, 489, 21, 1582876837),
(7940, 30, 22, 1582876846),
(7941, 499, 21, 1582876846),
(7942, 30, 22, 1582876855),
(7943, 489, 21, 1582876855),
(7944, 30, 22, 1582876864),
(7945, 480, 21, 1582876864),
(7946, 30, 22, 1582876873),
(7947, 499, 21, 1582876873),
(7948, 30, 22, 1582876882),
(7949, 499, 21, 1582876882),
(7950, 30, 22, 1582876891),
(7951, 499, 21, 1582876891),
(7952, 30, 22, 1582876900),
(7953, 489, 21, 1582876900),
(7954, 30, 22, 1582876909),
(7955, 489, 21, 1582876909),
(7956, 30, 22, 1582876917),
(7957, 499, 21, 1582876917),
(7958, 30, 22, 1582876926),
(7959, 499, 21, 1582876926),
(7960, 30, 22, 1582876935),
(7961, 489, 21, 1582876935),
(7962, 30, 22, 1582876944),
(7963, 489, 21, 1582876944),
(7964, 29, 22, 1582876953),
(7965, 489, 21, 1582876953),
(7966, 29, 22, 1582876962),
(7967, 489, 21, 1582876962),
(7968, 30, 22, 1582876971),
(7969, 499, 21, 1582876971),
(7970, 30, 22, 1582876980),
(7971, 499, 21, 1582876980),
(7972, 29, 22, 1582876989),
(7973, 489, 21, 1582876989),
(7974, 30, 22, 1582876998),
(7975, 499, 21, 1582876998),
(7976, 30, 22, 1582877007),
(7977, 489, 21, 1582877007),
(7978, 30, 22, 1582877016),
(7979, 499, 21, 1582877016),
(7980, 30, 22, 1582877024),
(7981, 499, 21, 1582877024),
(7982, 30, 22, 1582877033),
(7983, 489, 21, 1582877033),
(7984, 30, 22, 1582877042),
(7985, 499, 21, 1582877042),
(7986, 30, 22, 1582877051),
(7987, 508, 21, 1582877051),
(7988, 29, 22, 1582877060),
(7989, 489, 21, 1582877060),
(7990, 30, 22, 1582877069),
(7991, 499, 21, 1582877069),
(7992, 30, 22, 1582877078),
(7993, 508, 21, 1582877078),
(7994, 30, 22, 1582877087),
(7995, 499, 21, 1582877087),
(7996, 30, 22, 1582877096),
(7997, 499, 21, 1582877096),
(7998, 30, 22, 1582877105),
(7999, 499, 21, 1582877105),
(8000, 30, 22, 1582877114),
(8001, 489, 21, 1582877114),
(8002, 30, 22, 1582877123),
(8003, 499, 21, 1582877123),
(8004, 30, 22, 1582877131),
(8005, 499, 21, 1582877131),
(8006, 30, 22, 1582877140),
(8007, 499, 21, 1582877140),
(8008, 30, 22, 1582877149),
(8009, 508, 21, 1582877149),
(8010, 30, 22, 1582877158),
(8011, 499, 21, 1582877158),
(8012, 30, 22, 1582877167),
(8013, 499, 21, 1582877167),
(8014, 30, 22, 1582877176),
(8015, 499, 21, 1582877176),
(8016, 30, 22, 1582877185),
(8017, 508, 21, 1582877185),
(8018, 30, 22, 1582877194),
(8019, 499, 21, 1582877194),
(8020, 30, 22, 1582877203),
(8021, 508, 21, 1582877203),
(8022, 30, 22, 1582877212),
(8023, 499, 21, 1582877212),
(8024, 30, 22, 1582877221),
(8025, 499, 21, 1582877221),
(8026, 30, 22, 1582877229),
(8027, 508, 21, 1582877229),
(8028, 30, 22, 1582877238),
(8029, 508, 21, 1582877238),
(8030, 30, 22, 1582877247),
(8031, 499, 21, 1582877247),
(8032, 30, 22, 1582877256),
(8033, 508, 21, 1582877256),
(8034, 29, 22, 1582877265),
(8035, 517, 21, 1582877265),
(8036, 30, 22, 1582877274),
(8037, 508, 21, 1582877274),
(8038, 30, 22, 1582877283),
(8039, 508, 21, 1582877283),
(8040, 30, 22, 1582877292),
(8041, 508, 21, 1582877292),
(8042, 30, 22, 1582877301),
(8043, 508, 21, 1582877301),
(8044, 30, 22, 1582877310),
(8045, 508, 21, 1582877310),
(8046, 30, 22, 1582877319),
(8047, 508, 21, 1582877319),
(8048, 30, 22, 1582877328),
(8049, 499, 21, 1582877328),
(8050, 30, 22, 1582877337),
(8051, 508, 21, 1582877337),
(8052, 30, 22, 1582877346),
(8053, 499, 21, 1582877346),
(8054, 30, 22, 1582877354),
(8055, 499, 21, 1582877354),
(8056, 30, 22, 1582877363),
(8057, 489, 21, 1582877363),
(8058, 30, 22, 1582877372),
(8059, 499, 21, 1582877372),
(8060, 29, 22, 1582877381),
(8061, 489, 21, 1582877381),
(8062, 29, 22, 1582877390),
(8063, 489, 21, 1582877390),
(8064, 29, 22, 1582877399),
(8065, 499, 21, 1582877399),
(8066, 29, 22, 1582877408),
(8067, 499, 21, 1582877408),
(8068, 29, 22, 1582877417),
(8069, 499, 21, 1582877417),
(8070, 29, 22, 1582877426),
(8071, 499, 21, 1582877426),
(8072, 29, 22, 1582877435),
(8073, 499, 21, 1582877435),
(8074, 29, 22, 1582877444),
(8075, 489, 21, 1582877444),
(8076, 29, 22, 1582877453),
(8077, 508, 21, 1582877453),
(8078, 29, 22, 1582877461),
(8079, 508, 21, 1582877461),
(8080, 30, 22, 1582877470),
(8081, 499, 21, 1582877470),
(8082, 29, 22, 1582877479),
(8083, 499, 21, 1582877479),
(8084, 29, 22, 1582877488),
(8085, 508, 21, 1582877488),
(8086, 29, 22, 1582877497),
(8087, 508, 21, 1582877497),
(8088, 29, 22, 1582877506),
(8089, 508, 21, 1582877506),
(8090, 29, 22, 1582877515),
(8091, 499, 21, 1582877515),
(8092, 29, 22, 1582877524),
(8093, 508, 21, 1582877524),
(8094, 29, 22, 1582877533),
(8095, 508, 21, 1582877533),
(8096, 29, 22, 1582877542),
(8097, 508, 21, 1582877542),
(8098, 29, 22, 1582877551),
(8099, 499, 21, 1582877551),
(8100, 29, 22, 1582877559),
(8101, 508, 21, 1582877559),
(8102, 29, 22, 1582877568),
(8103, 517, 21, 1582877568),
(8104, 30, 22, 1582877577),
(8105, 508, 21, 1582877577),
(8106, 30, 22, 1582877586),
(8107, 508, 21, 1582877586),
(8108, 30, 22, 1582877595),
(8109, 508, 21, 1582877595),
(8110, 30, 22, 1582877604),
(8111, 517, 21, 1582877604),
(8112, 30, 22, 1582877613),
(8113, 517, 21, 1582877613),
(8114, 30, 22, 1582877622),
(8115, 517, 21, 1582877622),
(8116, 30, 22, 1582877631),
(8117, 517, 21, 1582877631),
(8118, 30, 22, 1582877640),
(8119, 517, 21, 1582877640),
(8120, 30, 22, 1582877649),
(8121, 508, 21, 1582877649),
(8122, 30, 22, 1582877658),
(8123, 517, 21, 1582877658),
(8124, 30, 22, 1582877667),
(8125, 517, 21, 1582877667),
(8126, 30, 22, 1582877675),
(8127, 508, 21, 1582877675),
(8128, 30, 22, 1582877684),
(8129, 517, 21, 1582877684),
(8130, 30, 22, 1582877693),
(8131, 517, 21, 1582877693),
(8132, 30, 22, 1582877702),
(8133, 527, 21, 1582877702),
(8134, 30, 22, 1582877711),
(8135, 517, 21, 1582877711),
(8136, 30, 22, 1582877720),
(8137, 517, 21, 1582877720),
(8138, 30, 22, 1582877729),
(8139, 517, 21, 1582877729),
(8140, 30, 22, 1582877738),
(8141, 517, 21, 1582877738),
(8142, 30, 22, 1582877747),
(8143, 508, 21, 1582877747),
(8144, 30, 22, 1582877756),
(8145, 517, 21, 1582877756),
(8146, 29, 22, 1582877765),
(8147, 527, 21, 1582877765),
(8148, 29, 22, 1582877774),
(8149, 517, 21, 1582877774),
(8150, 29, 22, 1582877783),
(8151, 517, 21, 1582877783),
(8152, 30, 22, 1582877791),
(8153, 508, 21, 1582877791),
(8154, 30, 22, 1582877800),
(8155, 527, 21, 1582877800),
(8156, 30, 22, 1582877809),
(8157, 517, 21, 1582877809),
(8158, 30, 22, 1582877818),
(8159, 508, 21, 1582877818),
(8160, 30, 22, 1582877827),
(8161, 517, 21, 1582877827),
(8162, 30, 22, 1582877836),
(8163, 517, 21, 1582877836),
(8164, 30, 22, 1582877845),
(8165, 517, 21, 1582877845),
(8166, 30, 22, 1582877854),
(8167, 517, 21, 1582877854),
(8168, 30, 22, 1582877863),
(8169, 517, 21, 1582877863),
(8170, 30, 22, 1582877872),
(8171, 527, 21, 1582877872),
(8172, 30, 22, 1582877881),
(8173, 527, 21, 1582877881),
(8174, 30, 22, 1582877889),
(8175, 527, 21, 1582877889),
(8176, 30, 22, 1582877898),
(8177, 508, 21, 1582877898),
(8178, 30, 22, 1582877907),
(8179, 517, 21, 1582877907),
(8180, 30, 22, 1582877916),
(8181, 527, 21, 1582877916),
(8182, 30, 22, 1582877925),
(8183, 517, 21, 1582877925),
(8184, 30, 22, 1582877934),
(8185, 527, 21, 1582877934),
(8186, 30, 22, 1582877943),
(8187, 517, 21, 1582877943),
(8188, 30, 22, 1582877952),
(8189, 508, 21, 1582877952),
(8190, 30, 22, 1582877961),
(8191, 527, 21, 1582877961),
(8192, 30, 22, 1582877970),
(8193, 517, 21, 1582877970),
(8194, 30, 22, 1582877979),
(8195, 527, 21, 1582877979),
(8196, 30, 22, 1582877988),
(8197, 527, 21, 1582877988),
(8198, 30, 22, 1582877997),
(8199, 517, 21, 1582877997),
(8200, 30, 22, 1582878005),
(8201, 527, 21, 1582878005),
(8202, 30, 22, 1582878014),
(8203, 527, 21, 1582878014),
(8204, 30, 22, 1582878023),
(8205, 527, 21, 1582878023),
(8206, 30, 22, 1582878032),
(8207, 517, 21, 1582878032),
(8208, 30, 22, 1582878041),
(8209, 536, 21, 1582878041),
(8210, 30, 22, 1582878050),
(8211, 527, 21, 1582878050),
(8212, 30, 22, 1582878059),
(8213, 527, 21, 1582878059),
(8214, 30, 22, 1582878068),
(8215, 527, 21, 1582878068),
(8216, 30, 22, 1582878077),
(8217, 527, 21, 1582878077),
(8218, 30, 22, 1582878086),
(8219, 527, 21, 1582878086),
(8220, 30, 22, 1582878095),
(8221, 536, 21, 1582878095),
(8222, 30, 22, 1582878104),
(8223, 527, 21, 1582878104),
(8224, 30, 22, 1582878112),
(8225, 536, 21, 1582878112),
(8226, 30, 22, 1582878121),
(8227, 536, 21, 1582878121),
(8228, 30, 22, 1582878130),
(8229, 536, 21, 1582878130),
(8230, 30, 22, 1582878139),
(8231, 527, 21, 1582878139),
(8232, 30, 22, 1582878148),
(8233, 527, 21, 1582878148),
(8234, 30, 22, 1582878157),
(8235, 527, 21, 1582878157),
(8236, 30, 22, 1582878166),
(8237, 517, 21, 1582878166),
(8238, 30, 22, 1582878175),
(8239, 536, 21, 1582878175),
(8240, 30, 22, 1582878184),
(8241, 536, 21, 1582878184),
(8242, 30, 22, 1582878193),
(8243, 527, 21, 1582878193),
(8244, 30, 22, 1582878202),
(8245, 517, 21, 1582878202),
(8246, 30, 22, 1582878211),
(8247, 527, 21, 1582878211),
(8248, 30, 22, 1582878219),
(8249, 536, 21, 1582878219),
(8250, 30, 22, 1582878228),
(8251, 536, 21, 1582878228),
(8252, 30, 22, 1582878237),
(8253, 527, 21, 1582878237),
(8254, 30, 22, 1582878246),
(8255, 536, 21, 1582878246),
(8256, 30, 22, 1582878255),
(8257, 527, 21, 1582878255),
(8258, 30, 22, 1582878264),
(8259, 527, 21, 1582878264),
(8260, 30, 22, 1582878273),
(8261, 517, 21, 1582878273),
(8262, 30, 22, 1582878282),
(8263, 527, 21, 1582878282),
(8264, 30, 22, 1582878291),
(8265, 527, 21, 1582878291),
(8266, 30, 22, 1582878300),
(8267, 536, 21, 1582878300),
(8268, 30, 22, 1582878309),
(8269, 527, 21, 1582878309),
(8270, 30, 22, 1582878318),
(8271, 527, 21, 1582878318),
(8272, 30, 22, 1582878326),
(8273, 536, 21, 1582878326),
(8274, 30, 22, 1582878335),
(8275, 527, 21, 1582878335),
(8276, 30, 22, 1582878344),
(8277, 536, 21, 1582878344),
(8278, 30, 22, 1582878353),
(8279, 536, 21, 1582878353),
(8280, 30, 22, 1582878362),
(8281, 527, 21, 1582878362),
(8282, 30, 22, 1582878371),
(8283, 527, 21, 1582878371),
(8284, 30, 22, 1582878380),
(8285, 536, 21, 1582878380),
(8286, 30, 22, 1582878389),
(8287, 527, 21, 1582878389),
(8288, 30, 22, 1582878398),
(8289, 536, 21, 1582878398),
(8290, 30, 22, 1582878407),
(8291, 536, 21, 1582878407),
(8292, 30, 22, 1582878416),
(8293, 536, 21, 1582878416),
(8294, 30, 22, 1582878425),
(8295, 536, 21, 1582878425),
(8296, 30, 22, 1582878434),
(8297, 536, 21, 1582878434),
(8298, 30, 22, 1582878442),
(8299, 536, 21, 1582878442),
(8300, 30, 22, 1582878451),
(8301, 536, 21, 1582878451),
(8302, 30, 22, 1582878460),
(8303, 536, 21, 1582878460),
(8304, 30, 22, 1582878469),
(8305, 536, 21, 1582878469),
(8306, 30, 22, 1582878478),
(8307, 546, 21, 1582878478),
(8308, 30, 22, 1582878487),
(8309, 536, 21, 1582878487),
(8310, 30, 22, 1582878496),
(8311, 536, 21, 1582878496),
(8312, 30, 22, 1582878505),
(8313, 546, 21, 1582878505),
(8314, 30, 22, 1582878514),
(8315, 536, 21, 1582878514),
(8316, 30, 22, 1582878523),
(8317, 536, 21, 1582878523),
(8318, 30, 22, 1582878532),
(8319, 536, 21, 1582878532),
(8320, 30, 22, 1582878541),
(8321, 536, 21, 1582878541),
(8322, 30, 22, 1582878549),
(8323, 536, 21, 1582878549),
(8324, 30, 22, 1582878558),
(8325, 536, 21, 1582878558),
(8326, 30, 22, 1582878567),
(8327, 546, 21, 1582878567),
(8328, 30, 22, 1582878576),
(8329, 536, 21, 1582878576),
(8330, 30, 22, 1582878585),
(8331, 546, 21, 1582878585),
(8332, 30, 22, 1582878594),
(8333, 536, 21, 1582878594),
(8334, 30, 22, 1582878603),
(8335, 546, 21, 1582878603),
(8336, 30, 22, 1582878612),
(8337, 536, 21, 1582878612),
(8338, 30, 22, 1582878621),
(8339, 536, 21, 1582878621),
(8340, 30, 22, 1582878630),
(8341, 546, 21, 1582878630),
(8342, 30, 22, 1582878639),
(8343, 546, 21, 1582878639),
(8344, 30, 22, 1582878648),
(8345, 546, 21, 1582878648),
(8346, 30, 22, 1582878657),
(8347, 546, 21, 1582878657),
(8348, 30, 22, 1582878665),
(8349, 555, 21, 1582878665),
(8350, 30, 22, 1582878674),
(8351, 546, 21, 1582878674),
(8352, 30, 22, 1582878683),
(8353, 546, 21, 1582878683),
(8354, 30, 22, 1582878692),
(8355, 555, 21, 1582878692),
(8356, 30, 22, 1582878701),
(8357, 555, 21, 1582878701),
(8358, 30, 22, 1582878710),
(8359, 546, 21, 1582878710),
(8360, 30, 22, 1582878719),
(8361, 546, 21, 1582878719),
(8362, 30, 22, 1582878728),
(8363, 546, 21, 1582878728),
(8364, 30, 22, 1582878737),
(8365, 555, 21, 1582878737),
(8366, 30, 22, 1582878746),
(8367, 555, 21, 1582878746),
(8368, 30, 22, 1582878755),
(8369, 555, 21, 1582878755),
(8370, 30, 22, 1582878764),
(8371, 555, 21, 1582878764),
(8372, 30, 22, 1582878773),
(8373, 546, 21, 1582878773),
(8374, 30, 22, 1582878781),
(8375, 555, 21, 1582878781),
(8376, 30, 22, 1582878790),
(8377, 555, 21, 1582878790),
(8378, 30, 22, 1582878799),
(8379, 555, 21, 1582878799),
(8380, 30, 22, 1582878808),
(8381, 564, 21, 1582878808),
(8382, 30, 22, 1582878817),
(8383, 555, 21, 1582878817),
(8384, 30, 22, 1582878826),
(8385, 555, 21, 1582878826),
(8386, 30, 22, 1582878835),
(8387, 555, 21, 1582878835),
(8388, 30, 22, 1582878844),
(8389, 555, 21, 1582878844),
(8390, 30, 22, 1582878853),
(8391, 546, 21, 1582878853),
(8392, 30, 22, 1582878862),
(8393, 555, 21, 1582878862),
(8394, 30, 22, 1582878871),
(8395, 564, 21, 1582878871),
(8396, 30, 22, 1582878879),
(8397, 555, 21, 1582878879),
(8398, 30, 22, 1582878888),
(8399, 555, 21, 1582878888),
(8400, 30, 22, 1582878897),
(8401, 555, 21, 1582878897),
(8408, 30, 24, 1582883185),
(8410, 30, 24, 1582883194),
(8412, 30, 24, 1582883203),
(8414, 30, 24, 1582883212),
(8416, 30, 24, 1582883221),
(8418, 30, 24, 1582883229),
(8420, 30, 24, 1582883238),
(8422, 30, 24, 1582883247),
(8424, 30, 24, 1582883256),
(8426, 30, 24, 1582883265),
(8428, 30, 24, 1582883274),
(8430, 30, 24, 1582883283),
(8432, 30, 24, 1582883292),
(8434, 30, 24, 1582883301),
(8436, 30, 24, 1582883310),
(8438, 30, 24, 1582883319),
(8440, 30, 24, 1582883328),
(8442, 30, 24, 1582883336),
(8444, 30, 24, 1582883345),
(8446, 30, 24, 1582883354),
(8448, 30, 24, 1582883363),
(8450, 30, 24, 1582883372),
(8452, 30, 24, 1582883381),
(8454, 30, 24, 1582883390),
(8456, 30, 24, 1582883399),
(8458, 30, 24, 1582883408),
(8460, 30, 24, 1582883417),
(8461, 495, 23, 1582883417),
(8462, 30, 24, 1582883426),
(8463, 495, 23, 1582883426),
(8464, 30, 24, 1582883435),
(8465, 495, 23, 1582883435),
(8466, 30, 24, 1582883443),
(8467, 495, 23, 1582883443),
(8468, 30, 24, 1582883452),
(8469, 495, 23, 1582883452),
(8470, 30, 24, 1582883461),
(8471, 495, 23, 1582883461),
(8472, 30, 24, 1582883470),
(8473, 486, 23, 1582883470),
(8474, 30, 24, 1582883479),
(8475, 486, 23, 1582883479),
(8476, 30, 24, 1582883488),
(8477, 495, 23, 1582883488),
(8478, 30, 24, 1582883497),
(8479, 495, 23, 1582883497),
(8480, 30, 24, 1582883506),
(8481, 495, 23, 1582883506),
(8482, 30, 24, 1582883515),
(8483, 495, 23, 1582883515),
(8484, 30, 24, 1582883524),
(8485, 486, 23, 1582883524),
(8486, 30, 24, 1582883533),
(8487, 486, 23, 1582883533),
(8488, 30, 24, 1582883542),
(8489, 505, 23, 1582883542),
(8490, 30, 24, 1582883551),
(8491, 495, 23, 1582883551),
(8492, 30, 24, 1582883559),
(8493, 495, 23, 1582883559),
(8494, 30, 24, 1582883568),
(8495, 495, 23, 1582883568),
(8496, 29, 24, 1582883577),
(8497, 495, 23, 1582883577),
(8498, 30, 24, 1582883586),
(8499, 495, 23, 1582883586),
(8500, 29, 24, 1582883595),
(8501, 495, 23, 1582883595),
(8502, 30, 24, 1582883604),
(8503, 495, 23, 1582883604),
(8504, 29, 24, 1582883613),
(8505, 505, 23, 1582883613),
(8506, 30, 24, 1582883622),
(8507, 505, 23, 1582883622),
(8508, 30, 24, 1582883631),
(8509, 486, 23, 1582883631),
(8510, 30, 24, 1582883640),
(8511, 495, 23, 1582883640),
(8512, 30, 24, 1582883649),
(8513, 495, 23, 1582883649),
(8514, 29, 24, 1582883658),
(8515, 505, 23, 1582883658),
(8516, 30, 24, 1582883666),
(8517, 495, 23, 1582883666),
(8518, 29, 24, 1582883675),
(8519, 495, 23, 1582883675),
(8520, 30, 24, 1582883684),
(8521, 514, 23, 1582883684),
(8522, 29, 24, 1582883693),
(8523, 505, 23, 1582883693),
(8524, 30, 24, 1582883702),
(8525, 495, 23, 1582883702),
(8526, 29, 24, 1582883711),
(8527, 495, 23, 1582883711),
(8528, 30, 24, 1582883720),
(8529, 514, 23, 1582883720),
(8530, 29, 24, 1582883729),
(8531, 505, 23, 1582883729),
(8532, 30, 24, 1582883738),
(8533, 495, 23, 1582883738),
(8534, 29, 24, 1582883747),
(8535, 505, 23, 1582883747),
(8536, 30, 24, 1582883756),
(8537, 486, 23, 1582883756),
(8538, 30, 24, 1582883765),
(8539, 505, 23, 1582883765),
(8540, 30, 24, 1582883773),
(8541, 495, 23, 1582883773),
(8542, 30, 24, 1582883782),
(8543, 505, 23, 1582883782),
(8544, 30, 24, 1582883791),
(8545, 505, 23, 1582883791),
(8546, 30, 24, 1582883800),
(8547, 495, 23, 1582883800),
(8548, 30, 24, 1582883809),
(8549, 514, 23, 1582883809),
(8550, 30, 24, 1582883818),
(8551, 495, 23, 1582883818),
(8552, 30, 24, 1582883827),
(8553, 495, 23, 1582883827),
(8554, 30, 24, 1582883836),
(8555, 505, 23, 1582883836),
(8556, 30, 24, 1582883845),
(8557, 495, 23, 1582883845),
(8558, 30, 24, 1582883854),
(8559, 505, 23, 1582883854),
(8560, 30, 24, 1582883863),
(8561, 495, 23, 1582883863),
(8562, 30, 24, 1582883872),
(8563, 514, 23, 1582883872),
(8564, 30, 24, 1582883881),
(8565, 505, 23, 1582883881),
(8566, 30, 24, 1582883889),
(8567, 486, 23, 1582883889),
(8568, 30, 24, 1582883898),
(8569, 495, 23, 1582883898),
(8570, 30, 24, 1582883907),
(8571, 495, 23, 1582883907),
(8572, 30, 24, 1582883916),
(8573, 495, 23, 1582883916),
(8574, 30, 24, 1582883925),
(8575, 514, 23, 1582883925),
(8576, 30, 24, 1582883934),
(8577, 495, 23, 1582883934),
(8578, 30, 24, 1582883943),
(8579, 514, 23, 1582883943),
(8580, 30, 24, 1582883952),
(8581, 505, 23, 1582883952),
(8582, 30, 24, 1582883961),
(8583, 505, 23, 1582883961),
(8584, 30, 24, 1582883970),
(8585, 495, 23, 1582883970),
(8586, 30, 24, 1582883979),
(8587, 505, 23, 1582883979),
(8588, 30, 24, 1582883988),
(8589, 495, 23, 1582883988),
(8590, 30, 24, 1582883996),
(8591, 505, 23, 1582883996),
(8592, 30, 24, 1582884005),
(8593, 514, 23, 1582884005),
(8594, 30, 24, 1582884014),
(8595, 514, 23, 1582884014),
(8596, 30, 24, 1582884023),
(8597, 505, 23, 1582884023),
(8598, 30, 24, 1582884032),
(8599, 505, 23, 1582884032),
(8600, 30, 24, 1582884041),
(8601, 505, 23, 1582884041),
(8602, 30, 24, 1582884050),
(8603, 505, 23, 1582884050),
(8604, 30, 24, 1582884059),
(8605, 505, 23, 1582884059),
(8606, 30, 24, 1582884068),
(8607, 495, 23, 1582884068),
(8608, 30, 24, 1582884077),
(8609, 495, 23, 1582884077),
(8610, 30, 24, 1582884086),
(8611, 514, 23, 1582884086),
(8612, 30, 24, 1582884095),
(8613, 495, 23, 1582884095),
(8614, 30, 24, 1582884103),
(8615, 505, 23, 1582884103),
(8616, 30, 24, 1582884112),
(8617, 505, 23, 1582884112),
(8618, 30, 24, 1582884121),
(8619, 514, 23, 1582884121),
(8620, 30, 24, 1582884130),
(8621, 505, 23, 1582884130),
(8622, 30, 24, 1582884139),
(8623, 514, 23, 1582884139),
(8624, 30, 24, 1582884148),
(8625, 514, 23, 1582884148),
(8626, 30, 24, 1582884157),
(8627, 505, 23, 1582884157),
(8628, 30, 24, 1582884166),
(8629, 505, 23, 1582884166),
(8630, 30, 24, 1582884175),
(8631, 514, 23, 1582884175),
(8632, 30, 24, 1582884184),
(8633, 514, 23, 1582884184),
(8634, 30, 24, 1582884193),
(8635, 514, 23, 1582884193),
(8636, 30, 24, 1582884202),
(8637, 505, 23, 1582884202),
(8638, 30, 24, 1582884210),
(8639, 505, 23, 1582884211),
(8640, 30, 24, 1582884219),
(8641, 495, 23, 1582884219),
(8642, 30, 24, 1582884228),
(8643, 505, 23, 1582884228),
(8644, 30, 24, 1582884237),
(8645, 505, 23, 1582884237),
(8646, 30, 24, 1582884246),
(8647, 505, 23, 1582884246),
(8648, 30, 24, 1582884255),
(8649, 505, 23, 1582884255),
(8650, 30, 24, 1582884264),
(8651, 505, 23, 1582884264),
(8652, 30, 24, 1582884273),
(8653, 514, 23, 1582884273),
(8654, 31, 24, 1582884282),
(8655, 505, 23, 1582884282),
(8656, 31, 24, 1582884291),
(8657, 505, 23, 1582884291),
(8658, 31, 24, 1582884300),
(8660, 31, 24, 1582884309),
(8662, 31, 24, 1582884318),
(8664, 31, 24, 1582884326),
(8666, 31, 24, 1582884335),
(8668, 31, 24, 1582884344),
(8670, 31, 24, 1582884353),
(8672, 31, 24, 1582884362),
(8674, 31, 24, 1582884371),
(8676, 31, 24, 1582884380),
(8678, 31, 24, 1582884389),
(8680, 31, 24, 1582884398),
(8682, 31, 24, 1582884407),
(8684, 31, 24, 1582884416),
(8686, 30, 24, 1582884425),
(8688, 30, 24, 1582884433),
(8690, 31, 24, 1582886501),
(8692, 31, 24, 1582886510),
(8694, 31, 24, 1582886519),
(8696, 31, 24, 1582886528),
(8698, 31, 24, 1582886537),
(8700, 31, 24, 1582886546),
(8702, 31, 24, 1582886582),
(8704, 31, 24, 1582886591),
(8706, 31, 24, 1582886600),
(8708, 31, 24, 1582886609),
(8709, 31, 24, 1582884330),
(8710, 505, 23, 1582884330),
(8711, 31, 24, 1582884339),
(8712, 514, 23, 1582884339),
(8713, 31, 24, 1582884348),
(8714, 505, 23, 1582884348),
(8715, 31, 24, 1582884356),
(8716, 514, 23, 1582884356),
(8717, 31, 24, 1582884365),
(8718, 514, 23, 1582884365),
(8719, 31, 24, 1582884374),
(8720, 514, 23, 1582884374),
(8721, 31, 24, 1582884383),
(8722, 514, 23, 1582884383),
(8723, 31, 24, 1582884392),
(8724, 524, 23, 1582884392),
(8725, 31, 24, 1582884401),
(8726, 514, 23, 1582884401),
(8727, 30, 24, 1582884410),
(8728, 524, 23, 1582884410),
(8729, 30, 24, 1582884419),
(8730, 505, 23, 1582884419),
(8731, 30, 24, 1582884428),
(8732, 514, 23, 1582884428),
(8733, 30, 24, 1582884437),
(8734, 524, 23, 1582884437),
(8735, 30, 24, 1582884446),
(8736, 514, 23, 1582884446),
(8737, 30, 24, 1582884455),
(8738, 514, 23, 1582884455),
(8739, 30, 24, 1582884463),
(8740, 505, 23, 1582884463),
(8741, 30, 24, 1582884472),
(8742, 514, 23, 1582884472),
(8743, 30, 24, 1582884481),
(8744, 505, 23, 1582884481),
(8745, 30, 24, 1582884490),
(8746, 505, 23, 1582884490),
(8747, 30, 24, 1582884499),
(8748, 524, 23, 1582884499),
(8749, 30, 24, 1582884508),
(8750, 524, 23, 1582884508),
(8751, 30, 24, 1582884517),
(8752, 524, 23, 1582884517),
(8753, 30, 24, 1582884526),
(8754, 514, 23, 1582884526),
(8755, 30, 24, 1582884535),
(8756, 524, 23, 1582884535),
(8757, 30, 24, 1582884544),
(8758, 524, 23, 1582884544),
(8759, 30, 24, 1582884553),
(8760, 514, 23, 1582884553),
(8761, 30, 24, 1582884562),
(8762, 514, 23, 1582884562),
(8763, 30, 24, 1582884570),
(8764, 524, 23, 1582884570),
(8765, 30, 24, 1582884579),
(8766, 524, 23, 1582884579),
(8767, 30, 24, 1582884588),
(8768, 524, 23, 1582884588),
(8769, 30, 24, 1582884597),
(8770, 524, 23, 1582884597),
(8771, 30, 24, 1582884606),
(8772, 524, 23, 1582884606),
(8773, 30, 24, 1582884615),
(8774, 514, 23, 1582884615),
(8775, 30, 24, 1582884624),
(8776, 524, 23, 1582884624),
(8777, 30, 24, 1582884633),
(8778, 524, 23, 1582884633),
(8779, 30, 24, 1582884642),
(8780, 514, 23, 1582884642),
(8781, 30, 24, 1582884651),
(8782, 524, 23, 1582884651),
(8783, 30, 24, 1582884660),
(8784, 514, 23, 1582884660),
(8785, 30, 24, 1582884669),
(8786, 524, 23, 1582884669),
(8787, 30, 24, 1582884677),
(8788, 524, 23, 1582884678),
(8789, 30, 24, 1582884686),
(8790, 524, 23, 1582884686),
(8791, 30, 24, 1582884695),
(8792, 524, 23, 1582884695),
(8793, 30, 24, 1582884704),
(8794, 524, 23, 1582884704),
(8795, 30, 24, 1582884713),
(8796, 514, 23, 1582884713),
(8797, 30, 24, 1582884722),
(8798, 514, 23, 1582884722),
(8799, 30, 24, 1582884731),
(8800, 524, 23, 1582884731),
(8801, 30, 24, 1582884740),
(8802, 524, 23, 1582884740),
(8803, 30, 24, 1582884749),
(8804, 514, 23, 1582884749),
(8805, 30, 24, 1582884758),
(8806, 524, 23, 1582884758),
(8807, 30, 24, 1582884767),
(8808, 524, 23, 1582884767),
(8809, 30, 24, 1582884776),
(8810, 524, 23, 1582884776),
(8811, 30, 24, 1582884785),
(8812, 524, 23, 1582884785),
(8813, 30, 24, 1582884793),
(8814, 533, 23, 1582884793),
(8815, 30, 24, 1582884802),
(8816, 533, 23, 1582884802),
(8817, 30, 24, 1582884811),
(8818, 524, 23, 1582884811),
(8819, 30, 24, 1582884820),
(8820, 524, 23, 1582884820),
(8821, 30, 24, 1582884829),
(8822, 524, 23, 1582884829),
(8823, 30, 24, 1582884838),
(8824, 524, 23, 1582884838),
(8825, 30, 24, 1582884847),
(8826, 533, 23, 1582884847),
(8827, 30, 24, 1582884856),
(8828, 524, 23, 1582884856),
(8829, 30, 24, 1582884865),
(8830, 524, 23, 1582884865),
(8831, 30, 24, 1582884874),
(8832, 533, 23, 1582884874),
(8833, 30, 24, 1582884883),
(8834, 524, 23, 1582884883),
(8835, 30, 24, 1582884892),
(8836, 533, 23, 1582884892),
(8837, 30, 24, 1582884900),
(8838, 533, 23, 1582884900),
(8839, 30, 24, 1582884909),
(8840, 524, 23, 1582884909),
(8841, 30, 24, 1582884918),
(8842, 533, 23, 1582884918),
(8843, 30, 24, 1582884927),
(8844, 533, 23, 1582884927),
(8845, 30, 24, 1582884936),
(8846, 533, 23, 1582884936),
(8847, 30, 24, 1582884945),
(8848, 533, 23, 1582884945),
(8849, 30, 24, 1582884954),
(8850, 524, 23, 1582884954),
(8851, 30, 24, 1582884963),
(8852, 533, 23, 1582884963),
(8853, 30, 24, 1582884972),
(8854, 533, 23, 1582884972),
(8855, 30, 24, 1582884981),
(8856, 533, 23, 1582884981),
(8857, 30, 24, 1582884990),
(8858, 533, 23, 1582884990),
(8859, 30, 24, 1582884999),
(8860, 542, 23, 1582884999),
(8861, 30, 24, 1582885008),
(8862, 533, 23, 1582885008),
(8863, 30, 24, 1582885016),
(8864, 533, 23, 1582885016),
(8865, 30, 24, 1582885025),
(8866, 533, 23, 1582885025),
(8867, 30, 24, 1582885034),
(8868, 524, 23, 1582885034),
(8869, 30, 24, 1582885043),
(8870, 524, 23, 1582885043),
(8871, 30, 24, 1582885052),
(8872, 533, 23, 1582885052),
(8873, 30, 24, 1582885061),
(8874, 524, 23, 1582885061),
(8875, 30, 24, 1582885070),
(8876, 533, 23, 1582885070),
(8877, 30, 24, 1582885079),
(8878, 542, 23, 1582885079),
(8879, 30, 24, 1582885088),
(8880, 542, 23, 1582885088),
(8881, 30, 24, 1582885097),
(8882, 533, 23, 1582885097),
(8883, 30, 24, 1582885106),
(8884, 542, 23, 1582885106),
(8885, 30, 24, 1582885115),
(8886, 533, 23, 1582885115),
(8887, 30, 24, 1582885123),
(8888, 552, 23, 1582885123),
(8889, 30, 24, 1582885132),
(8890, 552, 23, 1582885132),
(8891, 30, 24, 1582885141),
(8892, 533, 23, 1582885141),
(8893, 30, 24, 1582885150),
(8894, 533, 23, 1582885150),
(8895, 30, 24, 1582885159),
(8896, 533, 23, 1582885159),
(8897, 30, 24, 1582885168),
(8898, 542, 23, 1582885168),
(8899, 30, 24, 1582885177),
(8900, 533, 23, 1582885177),
(8901, 30, 24, 1582885186),
(8902, 533, 23, 1582885186),
(8903, 30, 24, 1582885195),
(8904, 533, 23, 1582885195),
(8905, 30, 24, 1582885204),
(8906, 542, 23, 1582885204),
(8907, 30, 24, 1582885213),
(8908, 542, 23, 1582885213),
(8909, 30, 24, 1582885222),
(8910, 542, 23, 1582885222),
(8911, 30, 24, 1582885230),
(8912, 533, 23, 1582885230),
(8913, 30, 24, 1582885239),
(8914, 542, 23, 1582885239),
(8915, 30, 24, 1582885248),
(8916, 542, 23, 1582885248),
(8917, 30, 24, 1582885257),
(8918, 552, 23, 1582885257),
(8919, 30, 24, 1582885266),
(8920, 542, 23, 1582885266),
(8921, 30, 24, 1582885275),
(8922, 552, 23, 1582885275),
(8923, 30, 24, 1582885284),
(8924, 533, 23, 1582885284),
(8925, 30, 24, 1582885293),
(8926, 552, 23, 1582885293),
(8927, 30, 24, 1582885302),
(8928, 552, 23, 1582885302),
(8929, 30, 24, 1582885311),
(8930, 552, 23, 1582885311),
(8931, 30, 24, 1582885320),
(8932, 542, 23, 1582885320),
(8933, 30, 24, 1582885329),
(8934, 552, 23, 1582885329),
(8935, 30, 24, 1582885338),
(8936, 561, 23, 1582885338),
(8937, 30, 24, 1582885346),
(8938, 561, 23, 1582885346),
(8939, 30, 24, 1582885355),
(8940, 561, 23, 1582885355),
(8941, 30, 24, 1582885364),
(8942, 561, 23, 1582885364),
(8943, 30, 24, 1582885373),
(8944, 561, 23, 1582885373),
(8945, 30, 24, 1582885382),
(8946, 552, 23, 1582885382),
(8947, 30, 24, 1582885391),
(8948, 552, 23, 1582885391),
(8949, 30, 24, 1582885400),
(8950, 561, 23, 1582885400),
(8951, 30, 24, 1582885409),
(8952, 552, 23, 1582885409),
(8953, 30, 24, 1582885418),
(8954, 552, 23, 1582885418),
(8955, 30, 24, 1582885427),
(8956, 561, 23, 1582885427),
(8957, 30, 24, 1582885436),
(8958, 561, 23, 1582885436),
(8959, 30, 24, 1582885445),
(8960, 561, 23, 1582885445),
(8961, 30, 24, 1582885453),
(8962, 561, 23, 1582885453),
(8963, 30, 24, 1582885462),
(8964, 561, 23, 1582885462),
(8965, 30, 24, 1582885471),
(8966, 571, 23, 1582885471),
(8967, 30, 24, 1582885480),
(8968, 571, 23, 1582885480),
(8969, 30, 24, 1582885489),
(8970, 580, 23, 1582885489),
(8971, 30, 24, 1582885498),
(8972, 571, 23, 1582885498),
(8973, 30, 24, 1582885507),
(8974, 561, 23, 1582885507),
(8975, 30, 24, 1582885516),
(8976, 571, 23, 1582885516),
(8977, 30, 24, 1582885525),
(8978, 580, 23, 1582885525),
(8979, 30, 24, 1582885534),
(8980, 571, 23, 1582885534),
(8981, 30, 24, 1582885543),
(8982, 571, 23, 1582885543),
(8983, 30, 24, 1582885552),
(8984, 571, 23, 1582885552),
(8985, 30, 24, 1582885560),
(8986, 580, 23, 1582885560),
(8987, 30, 24, 1582885569),
(8988, 580, 23, 1582885569),
(8989, 30, 24, 1582885578),
(8990, 571, 23, 1582885578),
(8991, 30, 24, 1582885587),
(8992, 571, 23, 1582885587),
(8993, 30, 24, 1582885596),
(8994, 580, 23, 1582885596),
(8995, 30, 24, 1582885605),
(8996, 580, 23, 1582885605),
(8997, 30, 24, 1582885614),
(8998, 580, 23, 1582885614),
(8999, 30, 24, 1582885623),
(9000, 580, 23, 1582885623),
(9001, 30, 24, 1582885632),
(9002, 580, 23, 1582885632),
(9003, 30, 24, 1582885641),
(9004, 580, 23, 1582885641),
(9005, 30, 24, 1582885650),
(9006, 571, 23, 1582885650),
(9007, 30, 24, 1582885659),
(9008, 580, 23, 1582885659),
(9009, 30, 24, 1582885668),
(9010, 580, 23, 1582885668),
(9011, 30, 24, 1582885676),
(9012, 589, 23, 1582885676),
(9013, 30, 24, 1582885685),
(9014, 589, 23, 1582885685),
(9015, 30, 24, 1582885694),
(9016, 589, 23, 1582885694),
(9017, 30, 24, 1582885703),
(9018, 589, 23, 1582885703),
(9019, 31, 24, 1582885712),
(9020, 589, 23, 1582885712),
(9021, 30, 24, 1582885721),
(9022, 580, 23, 1582885721),
(9023, 31, 24, 1582885730),
(9024, 589, 23, 1582885730),
(9025, 30, 24, 1582885739),
(9026, 589, 23, 1582885739),
(9027, 31, 24, 1582885748),
(9028, 589, 23, 1582885748),
(9029, 30, 24, 1582885757),
(9030, 589, 23, 1582885757),
(9031, 31, 24, 1582885766),
(9032, 589, 23, 1582885766),
(9033, 30, 24, 1582885775),
(9034, 589, 23, 1582885775),
(9035, 31, 24, 1582885783),
(9036, 580, 23, 1582885783),
(9037, 30, 24, 1582885792),
(9038, 589, 23, 1582885792),
(9039, 31, 24, 1582885801),
(9040, 589, 23, 1582885801),
(9041, 30, 24, 1582885810),
(9042, 589, 23, 1582885810),
(9043, 31, 24, 1582885819),
(9044, 599, 23, 1582885819),
(9045, 30, 24, 1582885828),
(9046, 589, 23, 1582885828),
(9047, 31, 24, 1582885837),
(9048, 599, 23, 1582885837),
(9049, 30, 24, 1582885846),
(9050, 599, 23, 1582885846),
(9051, 31, 24, 1582885855),
(9052, 599, 23, 1582885855),
(9053, 30, 24, 1582885864),
(9054, 599, 23, 1582885864),
(9055, 31, 24, 1582885873),
(9056, 599, 23, 1582885873),
(9057, 30, 24, 1582885882),
(9058, 599, 23, 1582885882),
(9059, 31, 24, 1582885890),
(9060, 589, 23, 1582885890),
(9061, 30, 24, 1582885899),
(9062, 599, 23, 1582885899),
(9063, 31, 24, 1582885908),
(9064, 599, 23, 1582885908),
(9065, 30, 24, 1582885917),
(9066, 608, 23, 1582885917),
(9067, 31, 24, 1582885926),
(9068, 608, 23, 1582885926),
(9069, 31, 24, 1582885935),
(9070, 608, 23, 1582885935),
(9071, 31, 24, 1582885944),
(9072, 599, 23, 1582885944),
(9073, 31, 24, 1582885953),
(9074, 608, 23, 1582885953),
(9075, 31, 24, 1582885962),
(9076, 608, 23, 1582885962),
(9077, 31, 24, 1582885971),
(9078, 608, 23, 1582885971),
(9079, 31, 24, 1582885980),
(9080, 608, 23, 1582885980),
(9081, 31, 24, 1582885989),
(9082, 599, 23, 1582885989),
(9083, 31, 24, 1582885997),
(9084, 608, 23, 1582885997),
(9085, 31, 24, 1582886006),
(9086, 608, 23, 1582886006),
(9087, 31, 24, 1582886015),
(9088, 599, 23, 1582886015),
(9089, 31, 24, 1582886024),
(9090, 599, 23, 1582886024),
(9091, 31, 24, 1582886033),
(9092, 608, 23, 1582886033),
(9093, 31, 24, 1582886042),
(9094, 608, 23, 1582886042),
(9095, 31, 24, 1582886051),
(9096, 608, 23, 1582886051),
(9097, 31, 24, 1582886060),
(9098, 608, 23, 1582886060),
(9099, 31, 24, 1582886069),
(9100, 608, 23, 1582886069),
(9101, 31, 24, 1582886078),
(9102, 598, 23, 1582886078),
(9103, 31, 24, 1582886087),
(9104, 608, 23, 1582886087),
(9105, 31, 24, 1582886096),
(9106, 598, 23, 1582886096),
(9107, 31, 24, 1582886104),
(9108, 589, 23, 1582886104),
(9109, 31, 24, 1582886113),
(9110, 598, 23, 1582886113),
(9111, 31, 24, 1582886122),
(9112, 598, 23, 1582886122),
(9113, 31, 24, 1582886131),
(9114, 598, 23, 1582886131),
(9115, 31, 24, 1582886140),
(9116, 608, 23, 1582886140),
(9117, 31, 24, 1582886149),
(9118, 598, 23, 1582886149),
(9119, 31, 24, 1582886158),
(9120, 608, 23, 1582886158),
(9121, 31, 24, 1582886167),
(9122, 598, 23, 1582886167),
(9123, 31, 24, 1582886176),
(9124, 608, 23, 1582886176),
(9125, 31, 24, 1582886185),
(9126, 608, 23, 1582886185),
(9127, 31, 24, 1582886194),
(9128, 608, 23, 1582886194),
(9129, 31, 24, 1582886203),
(9130, 617, 23, 1582886203),
(9131, 31, 24, 1582886211),
(9132, 617, 23, 1582886211),
(9133, 31, 24, 1582886220),
(9134, 608, 23, 1582886220),
(9135, 31, 24, 1582886229),
(9136, 608, 23, 1582886229),
(9137, 31, 24, 1582886238),
(9138, 608, 23, 1582886238),
(9139, 31, 24, 1582886247),
(9140, 627, 23, 1582886247),
(9141, 31, 24, 1582886256),
(9142, 617, 23, 1582886256),
(9143, 31, 24, 1582886265),
(9144, 617, 23, 1582886265),
(9145, 31, 24, 1582886274),
(9146, 617, 23, 1582886274),
(9147, 31, 24, 1582886283),
(9148, 627, 23, 1582886283),
(9149, 31, 24, 1582886292),
(9150, 617, 23, 1582886292),
(9151, 31, 24, 1582886301),
(9152, 627, 23, 1582886301),
(9153, 31, 24, 1582886310),
(9154, 627, 23, 1582886310),
(9155, 31, 24, 1582886319),
(9156, 627, 23, 1582886319),
(9157, 31, 24, 1582886327),
(9158, 627, 23, 1582886327),
(9159, 31, 24, 1582886336),
(9160, 627, 23, 1582886336),
(9161, 31, 24, 1582886345),
(9162, 627, 23, 1582886345),
(9163, 31, 24, 1582886354),
(9164, 627, 23, 1582886354),
(9165, 31, 24, 1582886363),
(9166, 627, 23, 1582886363),
(9167, 31, 24, 1582886372),
(9168, 627, 23, 1582886372),
(9169, 31, 24, 1582886381),
(9170, 627, 23, 1582886381),
(9171, 31, 24, 1582886390),
(9172, 636, 23, 1582886390),
(9173, 31, 24, 1582886399),
(9174, 636, 23, 1582886399),
(9175, 31, 24, 1582886408),
(9176, 636, 23, 1582886408),
(9177, 31, 24, 1582886417),
(9178, 646, 23, 1582886417),
(9179, 31, 24, 1582886426),
(9180, 636, 23, 1582886426),
(9181, 31, 24, 1582886434),
(9182, 636, 23, 1582886434),
(9183, 31, 24, 1582886443),
(9184, 646, 23, 1582886443),
(9185, 31, 24, 1582886452),
(9186, 646, 23, 1582886452),
(9187, 31, 24, 1582886461),
(9188, 637, 23, 1582886461),
(9189, 31, 24, 1582886470),
(9190, 637, 23, 1582886470),
(9191, 31, 24, 1582886479),
(9192, 637, 23, 1582886479),
(9193, 31, 24, 1582886488),
(9194, 637, 23, 1582886488),
(9195, 31, 24, 1582886497),
(9196, 646, 23, 1582886497),
(9197, 31, 24, 1582886506),
(9198, 637, 23, 1582886506),
(9199, 31, 24, 1582886515),
(9200, 637, 23, 1582886515),
(9201, 31, 24, 1582886524),
(9202, 646, 23, 1582886524),
(9203, 31, 24, 1582886533),
(9204, 646, 23, 1582886533),
(9205, 31, 24, 1582886542),
(9206, 646, 23, 1582886542),
(9207, 31, 24, 1582886550),
(9208, 646, 23, 1582886550),
(9209, 31, 24, 1582886559),
(9210, 646, 23, 1582886559),
(9211, 31, 24, 1582886568),
(9212, 646, 23, 1582886568),
(9213, 31, 24, 1582886577),
(9214, 646, 23, 1582886577),
(9215, 31, 24, 1582886586),
(9216, 655, 23, 1582886586),
(9217, 31, 24, 1582886595),
(9218, 655, 23, 1582886595),
(9219, 31, 24, 1582886604),
(9220, 655, 23, 1582886604),
(9221, 31, 24, 1582886613),
(9222, 655, 23, 1582886613),
(9223, 31, 24, 1582886622),
(9224, 655, 23, 1582886622),
(9225, 31, 24, 1582886631),
(9226, 655, 23, 1582886631),
(9227, 31, 24, 1582886640),
(9228, 655, 23, 1582886640),
(9229, 31, 24, 1582886649),
(9230, 655, 23, 1582886649),
(9231, 31, 24, 1582886657),
(9232, 655, 23, 1582886657),
(9233, 31, 24, 1582886666),
(9234, 655, 23, 1582886666),
(9235, 31, 24, 1582886675),
(9236, 655, 23, 1582886675),
(9237, 31, 24, 1582886684),
(9238, 665, 23, 1582886684),
(9239, 31, 24, 1582886693),
(9240, 665, 23, 1582886693),
(9241, 31, 24, 1582886702),
(9242, 665, 23, 1582886702),
(9243, 31, 24, 1582886711),
(9244, 665, 23, 1582886711),
(9245, 31, 24, 1582886720),
(9246, 31, 24, 1582886774),
(9247, 656, 23, 1582886774),
(9248, 31, 24, 1582886783),
(9249, 656, 23, 1582886783),
(9250, 31, 24, 1582886791),
(9251, 656, 23, 1582886791),
(9252, 31, 24, 1582886800),
(9253, 656, 23, 1582886800),
(9254, 31, 24, 1582886809),
(9255, 656, 23, 1582886809),
(9256, 31, 24, 1582886818),
(9257, 665, 23, 1582886818),
(9258, 31, 24, 1582886827),
(9259, 656, 23, 1582886827),
(9260, 31, 24, 1582886836),
(9261, 656, 23, 1582886836),
(9262, 31, 24, 1582886845),
(9263, 656, 23, 1582886845),
(9264, 31, 24, 1582886854),
(9265, 656, 23, 1582886854),
(9266, 31, 24, 1582886863),
(9267, 656, 23, 1582886863),
(9268, 31, 24, 1582886872),
(9269, 656, 23, 1582886872),
(9270, 31, 24, 1582886881),
(9271, 665, 23, 1582886881),
(9272, 31, 24, 1582886890),
(9273, 656, 23, 1582886890),
(9274, 31, 24, 1582886899),
(9275, 665, 23, 1582886899),
(9276, 31, 24, 1582886907),
(9277, 665, 23, 1582886907),
(9278, 31, 24, 1582886916),
(9279, 656, 23, 1582886916),
(9280, 31, 24, 1582886925),
(9281, 665, 23, 1582886925),
(9282, 31, 24, 1582886934),
(9283, 656, 23, 1582886934),
(9284, 31, 24, 1582886943),
(9285, 656, 23, 1582886943),
(9286, 31, 24, 1582886952),
(9287, 656, 23, 1582886952),
(9288, 31, 24, 1582886961),
(9289, 665, 23, 1582886961),
(9290, 31, 24, 1582886970),
(9291, 665, 23, 1582886970),
(9292, 31, 24, 1582886979),
(9293, 656, 23, 1582886979),
(9294, 31, 24, 1582886988),
(9295, 665, 23, 1582886988),
(9296, 31, 24, 1582886997),
(9297, 656, 23, 1582886997),
(9298, 31, 24, 1582887005),
(9299, 656, 23, 1582887005),
(9300, 31, 24, 1582887014),
(9301, 656, 23, 1582887014),
(9302, 31, 24, 1582887023),
(9303, 656, 23, 1582887023),
(9304, 30, 22, 1582879269),
(9306, 30, 22, 1582879277),
(9308, 30, 22, 1582879286),
(9310, 30, 22, 1582879295),
(9311, 30, 22, 1582878940),
(9312, 555, 21, 1582878940),
(9313, 30, 22, 1582878949),
(9314, 564, 21, 1582878949),
(9315, 30, 22, 1582878958),
(9316, 574, 21, 1582878958),
(9317, 30, 22, 1582878967),
(9318, 564, 21, 1582878967),
(9319, 30, 22, 1582878976),
(9320, 564, 21, 1582878976),
(9321, 30, 22, 1582878985),
(9322, 564, 21, 1582878985),
(9323, 30, 22, 1582878994),
(9324, 574, 21, 1582878994),
(9325, 30, 22, 1582879003),
(9326, 564, 21, 1582879003),
(9327, 30, 22, 1582879012),
(9328, 574, 21, 1582879012),
(9329, 30, 22, 1582879021),
(9330, 574, 21, 1582879021),
(9331, 30, 22, 1582879030),
(9332, 574, 21, 1582879030),
(9333, 30, 22, 1582879038),
(9334, 574, 21, 1582879038),
(9335, 30, 22, 1582879047),
(9336, 574, 21, 1582879047),
(9337, 30, 22, 1582879056),
(9338, 574, 21, 1582879056),
(9339, 30, 22, 1582879065),
(9340, 564, 21, 1582879065),
(9341, 30, 22, 1582879074),
(9342, 574, 21, 1582879074),
(9343, 30, 22, 1582879083),
(9344, 583, 21, 1582879083),
(9345, 30, 22, 1582879092),
(9346, 574, 21, 1582879092),
(9347, 30, 22, 1582879101),
(9348, 574, 21, 1582879101),
(9349, 30, 22, 1582879110),
(9350, 574, 21, 1582879110),
(9351, 30, 22, 1582879119),
(9352, 574, 21, 1582879119),
(9353, 30, 22, 1582879128),
(9354, 574, 21, 1582879128),
(9355, 30, 22, 1582879137),
(9356, 574, 21, 1582879137),
(9357, 30, 22, 1582879146),
(9358, 583, 21, 1582879146),
(9359, 30, 22, 1582879154),
(9360, 583, 21, 1582879154),
(9361, 30, 22, 1582879163),
(9362, 583, 21, 1582879163),
(9363, 30, 22, 1582879172),
(9364, 583, 21, 1582879172),
(9365, 30, 22, 1582879181),
(9366, 583, 21, 1582879181),
(9367, 30, 22, 1582879190),
(9368, 583, 21, 1582879190),
(9369, 30, 22, 1582879199),
(9370, 583, 21, 1582879199),
(9371, 30, 22, 1582879208),
(9372, 593, 21, 1582879208),
(9373, 30, 22, 1582879217),
(9374, 593, 21, 1582879217),
(9375, 30, 22, 1582879226),
(9376, 593, 21, 1582879226),
(9377, 30, 22, 1582879235),
(9378, 593, 21, 1582879235),
(9379, 30, 22, 1582879244),
(9380, 593, 21, 1582879244),
(9381, 30, 22, 1582879253),
(9382, 602, 21, 1582879253),
(9383, 30, 22, 1582879261),
(9384, 602, 21, 1582879261),
(9385, 30, 22, 1582879270),
(9386, 602, 21, 1582879270),
(9387, 30, 22, 1582879279),
(9388, 602, 21, 1582879279),
(9389, 30, 22, 1582879288),
(9390, 602, 21, 1582879288),
(9391, 30, 22, 1582879297),
(9392, 602, 21, 1582879297),
(9393, 30, 22, 1582879306),
(9394, 602, 21, 1582879306),
(9395, 30, 22, 1582879315),
(9396, 602, 21, 1582879315),
(9397, 30, 22, 1582879324),
(9398, 603, 21, 1582879324),
(9399, 30, 22, 1582879333),
(9400, 593, 21, 1582879333),
(9401, 30, 22, 1582879342),
(9402, 603, 21, 1582879342),
(9403, 30, 22, 1582879351),
(9404, 603, 21, 1582879351),
(9405, 30, 22, 1582879360),
(9406, 603, 21, 1582879360),
(9407, 30, 22, 1582879369),
(9408, 612, 21, 1582879369),
(9409, 30, 22, 1582879377),
(9410, 612, 21, 1582879377),
(9411, 30, 22, 1582879386),
(9412, 612, 21, 1582879386),
(9413, 30, 22, 1582879395),
(9414, 603, 21, 1582879395),
(9415, 30, 22, 1582879404),
(9416, 612, 21, 1582879404),
(9417, 30, 22, 1582879413),
(9418, 612, 21, 1582879413),
(9419, 30, 22, 1582879422),
(9420, 612, 21, 1582879422),
(9421, 30, 22, 1582879431),
(9422, 612, 21, 1582879431),
(9423, 30, 22, 1582879440),
(9424, 612, 21, 1582879440),
(9425, 30, 22, 1582879449),
(9426, 612, 21, 1582879449),
(9427, 30, 22, 1582879458),
(9428, 612, 21, 1582879458),
(9429, 30, 22, 1582879467),
(9430, 621, 21, 1582879467),
(9431, 30, 22, 1582879475),
(9432, 621, 21, 1582879476),
(9433, 30, 22, 1582879484),
(9434, 621, 21, 1582879484),
(9435, 30, 22, 1582879493),
(9436, 621, 21, 1582879493),
(9437, 30, 22, 1582879502),
(9438, 621, 21, 1582879502),
(9439, 30, 22, 1582879511),
(9440, 621, 21, 1582879511),
(9441, 30, 22, 1582879520),
(9442, 631, 21, 1582879520),
(9443, 30, 22, 1582879529),
(9444, 631, 21, 1582879529),
(9445, 30, 22, 1582879538),
(9446, 640, 21, 1582879538),
(9447, 30, 22, 1582879547),
(9448, 631, 21, 1582879547),
(9449, 30, 22, 1582879556),
(9450, 631, 21, 1582879556),
(9451, 30, 22, 1582879565),
(9452, 640, 21, 1582879565),
(9453, 30, 22, 1582879574),
(9454, 631, 21, 1582879574),
(9455, 30, 22, 1582879583),
(9456, 631, 21, 1582879583),
(9457, 30, 22, 1582879591),
(9458, 640, 21, 1582879591),
(9459, 30, 22, 1582879600),
(9460, 640, 21, 1582879600),
(9461, 30, 22, 1582879609),
(9462, 640, 21, 1582879609),
(9463, 30, 22, 1582879618),
(9464, 640, 21, 1582879618),
(9465, 30, 22, 1582879627),
(9466, 631, 21, 1582879627),
(9467, 30, 22, 1582879636),
(9468, 631, 21, 1582879636),
(9469, 30, 22, 1582879645),
(9470, 641, 21, 1582879645),
(9471, 30, 22, 1582879654),
(9472, 641, 21, 1582879654),
(9473, 30, 22, 1582879663),
(9474, 641, 21, 1582879663),
(9475, 30, 22, 1582879672),
(9476, 641, 21, 1582879672),
(9477, 30, 22, 1582879681),
(9478, 641, 21, 1582879681),
(9479, 30, 22, 1582879690),
(9480, 650, 21, 1582879690),
(9481, 30, 22, 1582879698),
(9482, 641, 21, 1582879698),
(9483, 30, 22, 1582879707),
(9484, 641, 21, 1582879707),
(9485, 30, 22, 1582879716),
(9486, 650, 21, 1582879716),
(9487, 30, 22, 1582879725),
(9488, 641, 21, 1582879725),
(9489, 30, 22, 1582879734),
(9490, 641, 21, 1582879734),
(9491, 30, 22, 1582879743),
(9492, 650, 21, 1582879743),
(9493, 30, 22, 1582879752),
(9494, 650, 21, 1582879752),
(9495, 30, 22, 1582879761),
(9496, 660, 21, 1582879761),
(9497, 30, 22, 1582879770),
(9498, 660, 21, 1582879770),
(9499, 30, 22, 1582879779),
(9500, 660, 21, 1582879779),
(9501, 30, 22, 1582879788),
(9502, 660, 21, 1582879788),
(9503, 30, 22, 1582879797),
(9504, 660, 21, 1582879797),
(9505, 30, 22, 1582879806),
(9506, 660, 21, 1582879806),
(9507, 30, 22, 1582879814),
(9508, 660, 21, 1582879814),
(9509, 31, 22, 1582879823),
(9510, 660, 21, 1582879823),
(9511, 30, 22, 1582879832),
(9512, 669, 21, 1582879832),
(9513, 30, 22, 1582879841),
(9514, 660, 21, 1582879841),
(9515, 30, 22, 1582879850),
(9516, 660, 21, 1582879850),
(9517, 30, 22, 1582879859),
(9518, 660, 21, 1582879859),
(9519, 30, 22, 1582879868),
(9520, 669, 21, 1582879868),
(9521, 30, 22, 1582879877),
(9522, 660, 21, 1582879877),
(9523, 30, 22, 1582879886),
(9524, 669, 21, 1582879886),
(9525, 30, 22, 1582879895),
(9526, 669, 21, 1582879895),
(9527, 30, 22, 1582879904),
(9528, 669, 21, 1582879904),
(9529, 30, 22, 1582879913),
(9530, 669, 21, 1582879913),
(9531, 30, 22, 1582879921),
(9532, 669, 21, 1582879921),
(9533, 30, 22, 1582879930),
(9534, 660, 21, 1582879930),
(9535, 30, 22, 1582879939),
(9536, 660, 21, 1582879939),
(9537, 30, 22, 1582879948),
(9538, 660, 21, 1582879948),
(9539, 30, 22, 1582879957),
(9540, 669, 21, 1582879957),
(9541, 30, 22, 1582879966),
(9542, 660, 21, 1582879966),
(9543, 30, 22, 1582879975),
(9544, 660, 21, 1582879975),
(9545, 30, 22, 1582879984),
(9546, 669, 21, 1582879984),
(9547, 30, 22, 1582879993),
(9548, 660, 21, 1582879993),
(9549, 30, 22, 1582880002),
(9550, 669, 21, 1582880002),
(9551, 30, 22, 1582880011),
(9552, 660, 21, 1582880011),
(9553, 30, 22, 1582880020),
(9554, 669, 21, 1582880020),
(9555, 30, 22, 1582880028),
(9556, 678, 21, 1582880028),
(9557, 30, 22, 1582880037),
(9558, 669, 21, 1582880037),
(9559, 30, 22, 1582880046),
(9560, 660, 21, 1582880046),
(9561, 30, 22, 1582880055),
(9562, 669, 21, 1582880055),
(9563, 30, 22, 1582880064),
(9564, 669, 21, 1582880064),
(9565, 30, 22, 1582880073),
(9566, 660, 21, 1582880073),
(9567, 30, 22, 1582880082),
(9568, 660, 21, 1582880082),
(9569, 30, 22, 1582880091),
(9570, 660, 21, 1582880091),
(9571, 30, 22, 1582880100),
(9572, 660, 21, 1582880100),
(9573, 30, 22, 1582880109),
(9574, 660, 21, 1582880109),
(9575, 30, 22, 1582880118),
(9576, 660, 21, 1582880118),
(9577, 30, 22, 1582880127),
(9578, 660, 21, 1582880127),
(9579, 30, 22, 1582880136),
(9580, 650, 21, 1582880136),
(9581, 50, 25, 1589472483),
(9582, 30, 25, 1589477017),
(9583, 19, 25, 1589477730),
(9584, 60, 25, 1589478352),
(9585, 35, 25, 1589478520),
(9586, 45, 25, 1589478681),
(9587, 15, 25, 1589478699),
(9588, 45, 25, 1589544450),
(9589, 33, 25, 1589544476),
(9590, 99, 25, 1589544527),
(9591, 66, 25, 1589544548),
(9592, 69, 25, 1589545174),
(9593, 72, 25, 1589545187),
(9594, 59, 25, 1589556618),
(9595, 59, 25, 1589556689),
(9596, 57, 25, 1589556851),
(9597, 57, 25, 1589556906),
(9598, 98, 25, 1589557002),
(9599, 88, 25, 1589557321),
(9600, 89, 25, 1589636563),
(9601, 89, 25, 1589636594),
(9602, 89, 25, 1589636605),
(9603, 89, 25, 1589636622),
(9604, 89, 25, 1589636640),
(9605, 89, 25, 1589636649),
(9606, 89, 25, 1589636829),
(9607, 89, 25, 1589636840),
(9608, 89, 25, 1589637054),
(9609, 30, 25, 1589637067),
(9610, 30, 25, 1589637092),
(9611, 30, 25, 1589637143),
(9612, 30, 25, 1589637289),
(9613, 60, 25, 1589637295),
(9614, 30, 25, 1589637297),
(9615, 30, 25, 1589637359),
(9616, 30, 25, 1589637526),
(9617, 30, 25, 1589637527),
(9618, 30, 25, 1589637551),
(9619, 55, 25, 1589637559),
(9620, 55, 25, 1589637695),
(9621, 55, 25, 1589637745),
(9622, 55, 25, 1589637746),
(9623, 55, 25, 1589637756),
(9624, 60, 25, 1589637769),
(9625, 20, 25, 1589637771),
(9626, 10, 25, 1589637774),
(9627, 50, 25, 1589637776),
(9628, 50, 25, 1589637793),
(9629, 50, 25, 1589637794),
(9630, 50, 25, 1589637970),
(9631, 60, 25, 1589637974),
(9632, 100, 25, 1589637978),
(9633, 1, 25, 1589637980),
(9634, 10, 25, 1589637983),
(9635, 11, 25, 1589637985),
(9636, 20, 25, 1589637987),
(9637, 23, 25, 1589637990),
(9638, 30, 25, 1589637991),
(9639, 40, 25, 1589637994),
(9640, 40, 25, 1589638192),
(9641, 40, 25, 1589638202),
(9642, 40, 25, 1589638213),
(9643, 40, 25, 1589638349),
(9644, 40, 25, 1589638361),
(9645, 40, 25, 1589639253),
(9646, 40, 25, 1589639519),
(9647, 40, 25, 1589639876),
(9648, 40, 25, 1589639958),
(9649, 40, 25, 1589640006),
(9650, 40, 25, 1589640060),
(9651, 40, 25, 1589640096),
(9652, 40, 25, 1589640274),
(9653, 40, 25, 1589640287),
(9654, 30, 25, 1589732515),
(9655, 90, 25, 1589732518),
(9656, 10, 25, 1589732560),
(9657, 20, 25, 1589732658),
(9658, 29, 26, 1589984906),
(9659, 1178, 25, 1589984911),
(9660, 29, 26, 1589984990),
(9661, 1102, 25, 1589984990),
(9662, 29, 26, 1589984999),
(9663, 1093, 25, 1589984999),
(9664, 29, 26, 1589985007),
(9665, 1083, 25, 1589985007),
(9666, 29, 26, 1589985016),
(9667, 1083, 25, 1589985016),
(9668, 29, 26, 1589985025),
(9669, 1074, 25, 1589985025),
(9670, 29, 26, 1589985034),
(9671, 1064, 25, 1589985034),
(9672, 29, 26, 1589985043),
(9673, 1055, 25, 1589985043),
(9674, 29, 26, 1589985052),
(9675, 1046, 25, 1589985052),
(9676, 29, 26, 1589985061),
(9677, 1046, 25, 1589985061),
(9678, 29, 26, 1589985070),
(9679, 1027, 25, 1589985070),
(9680, 29, 26, 1589985079),
(9681, 1046, 25, 1589985079),
(9682, 29, 26, 1589985088),
(9683, 1055, 25, 1589985088),
(9684, 29, 26, 1589985097),
(9685, 1017, 25, 1589985097),
(9686, 29, 26, 1589985106),
(9687, 1074, 25, 1589985106),
(9688, 29, 26, 1589985115),
(9689, 1027, 25, 1589985115),
(9690, 29, 26, 1589985124),
(9691, 1008, 25, 1589985124),
(9692, 29, 26, 1589985132),
(9693, 1008, 25, 1589985132),
(9694, 29, 26, 1589985141),
(9695, 1017, 25, 1589985141),
(9696, 29, 26, 1589985150),
(9697, 1017, 25, 1589985150),
(9698, 29, 26, 1589985159),
(9699, 998, 25, 1589985159),
(9700, 29, 26, 1589985168),
(9701, 989, 25, 1589985168),
(9702, 29, 26, 1589985177),
(9703, 980, 25, 1589985177),
(9704, 29, 26, 1589985186),
(9705, 970, 25, 1589985186),
(9706, 29, 26, 1589985195),
(9707, 970, 25, 1589985195),
(9708, 28, 26, 1589985204),
(9709, 980, 25, 1589985204),
(9710, 29, 26, 1589985213),
(9711, 951, 25, 1589985213),
(9712, 29, 26, 1589985222),
(9713, 951, 25, 1589985222),
(9714, 29, 26, 1589985230);
INSERT INTO `sensor_values` (`id`, `value`, `sensor_id`, `added_at`) VALUES
(9715, 951, 25, 1589985231),
(9716, 29, 26, 1589985239),
(9717, 942, 25, 1589985239),
(9718, 29, 26, 1589985248),
(9719, 932, 25, 1589985248),
(9720, 29, 26, 1589985257),
(9721, 932, 25, 1589985257),
(9722, 29, 26, 1589985266),
(9723, 932, 25, 1589985266),
(9724, 29, 26, 1589985275),
(9725, 923, 25, 1589985275),
(9726, 29, 26, 1589985284),
(9727, 914, 25, 1589985284),
(9728, 28, 26, 1589985293),
(9729, 904, 25, 1589985293),
(9730, 25, 26, 1594249750),
(9731, 25, 26, 1594249755),
(9732, 25, 26, 1594249768),
(9733, 25, 26, 1594249856),
(9734, 687, 25, 1594249856),
(9735, 25, 26, 1594249868),
(9736, 678, 25, 1594249868),
(9737, 25, 26, 1594249895),
(9738, 678, 25, 1594249895),
(9739, 25, 26, 1594249900),
(9740, 678, 25, 1594249900),
(9741, 25, 26, 1594249905),
(9742, 669, 25, 1594249905),
(9743, 25, 26, 1594249910),
(9744, 669, 25, 1594249910),
(9745, 25, 26, 1594249915),
(9746, 669, 25, 1594249915),
(9747, 25, 26, 1594249920),
(9748, 669, 25, 1594249920),
(9749, 25, 26, 1594249926),
(9750, 669, 25, 1594249926),
(9751, 25, 26, 1594249931),
(9752, 659, 25, 1594249931),
(9753, 25, 26, 1594249936),
(9754, 659, 25, 1594249936),
(9755, 26, 26, 1594249941),
(9756, 659, 25, 1594249941),
(9757, 25, 26, 1594249946),
(9758, 669, 25, 1594249946),
(9759, 25, 26, 1594249951),
(9760, 669, 25, 1594249951),
(9761, 26, 26, 1594249956),
(9762, 669, 25, 1594249956),
(9763, 25, 26, 1594249961),
(9764, 669, 25, 1594249961),
(9765, 27, 26, 1594249966),
(9766, 659, 25, 1594249966),
(9767, 26, 26, 1594249971),
(9768, 669, 25, 1594249971),
(9769, 25, 26, 1594249976),
(9770, 659, 25, 1594249976),
(9771, 25, 26, 1594249981),
(9772, 659, 25, 1594249981),
(9773, 25, 26, 1594249986),
(9774, 650, 25, 1594249986),
(9775, 25, 26, 1594249991),
(9776, 659, 25, 1594249991),
(9777, 26, 26, 1594249996),
(9778, 659, 25, 1594249996),
(9779, 24, 26, 1594250001),
(9780, 659, 25, 1594250001),
(9781, 26, 26, 1594250006),
(9782, 659, 25, 1594250006),
(9783, 26, 26, 1594250011),
(9784, 669, 25, 1594250011),
(9785, 26, 26, 1594250016),
(9786, 659, 25, 1594250016),
(9787, 25, 26, 1594250021),
(9788, 659, 25, 1594250021),
(9789, 25, 26, 1594250026),
(9790, 650, 25, 1594250026),
(9791, 26, 26, 1594250031),
(9792, 650, 25, 1594250031),
(9793, 25, 26, 1594250036),
(9794, 659, 25, 1594250036),
(9795, 25, 26, 1594250041),
(9796, 659, 25, 1594250041),
(9797, 26, 26, 1594250046),
(9798, 659, 25, 1594250046),
(9799, 25, 26, 1594250051),
(9800, 669, 25, 1594250051),
(9801, 25, 26, 1594250056),
(9802, 659, 25, 1594250056),
(9803, 25, 26, 1594250061),
(9804, 650, 25, 1594250061),
(9805, 25, 26, 1594250066),
(9806, 659, 25, 1594250067),
(9807, 25, 26, 1594250072),
(9808, 659, 25, 1594250072),
(9809, 25, 26, 1594250077),
(9810, 650, 25, 1594250077),
(9811, 26, 26, 1594250082),
(9812, 650, 25, 1594250082),
(9813, 25, 26, 1594250087),
(9814, 640, 25, 1594250087),
(9815, 25, 26, 1594250092),
(9816, 631, 25, 1594250092),
(9817, 25, 26, 1594250097),
(9818, 640, 25, 1594250097),
(9819, 25, 26, 1594250102),
(9820, 640, 25, 1594250102),
(9821, 24, 26, 1594250107),
(9822, 650, 25, 1594250107),
(9823, 25, 26, 1594250112),
(9824, 650, 25, 1594250112),
(9825, 25, 26, 1594250117),
(9826, 640, 25, 1594250117),
(9827, 24, 26, 1594250122),
(9828, 640, 25, 1594250122),
(9829, 25, 26, 1594250127),
(9830, 650, 25, 1594250127),
(9831, 25, 26, 1594250132),
(9832, 650, 25, 1594250132),
(9833, 25, 26, 1594250137),
(9834, 650, 25, 1594250137),
(9835, 25, 26, 1594250142),
(9836, 650, 25, 1594250142),
(9837, 25, 26, 1594250147),
(9838, 631, 25, 1594250147),
(9839, 25, 26, 1594250152),
(9840, 640, 25, 1594250152),
(9841, 25, 26, 1594250157),
(9842, 640, 25, 1594250157);

-- --------------------------------------------------------

--
-- Table structure for table `users`
--

CREATE TABLE `users` (
  `id` bigint(20) UNSIGNED NOT NULL,
  `name` varchar(191) COLLATE utf8mb4_unicode_ci NOT NULL,
  `email` varchar(191) COLLATE utf8mb4_unicode_ci NOT NULL,
  `phone` varchar(13) COLLATE utf8mb4_unicode_ci DEFAULT NULL,
  `password` varchar(191) COLLATE utf8mb4_unicode_ci NOT NULL,
  `email_verified` tinyint(4) NOT NULL DEFAULT '0',
  `phone_verified` tinyint(4) NOT NULL DEFAULT '0',
  `remember_token` varchar(100) COLLATE utf8mb4_unicode_ci DEFAULT NULL
) ENGINE=InnoDB DEFAULT CHARSET=utf8mb4 COLLATE=utf8mb4_unicode_ci;

--
-- Dumping data for table `users`
--

INSERT INTO `users` (`id`, `name`, `email`, `phone`, `password`, `email_verified`, `phone_verified`, `remember_token`) VALUES
(2, 'Norman', 'norman@gmail.com', NULL, '$2y$10$YoWDzV5chZdwsfHO5i9oVutR4uMFsJvCBSUbAXQXE6bQBT4Px9Uwy', 0, 0, NULL),
(3, 'Miku', 'miku@gmail.com', NULL, '$2y$10$YNAU.QG/roGKah7l9DjUl.bEsyAi8HTiH8DL8ShG.BMbb.i8arwOm', 0, 0, NULL),
(4, 'Aisyah Purnama', 'normansyarif.mail@gmail.com', '895375790209', '$2y$12$hVBpnnlyV1ZzTelIjK0I6OVoygepNS8pqBzjMJT/eubw7q8WAkf/e', 1, 1, NULL),
(5, 'uli', 'uli@gmail.com', NULL, '$2y$10$gvkOvmpUf6rEPAUcrzGoTOQYcrhuJUCA/PvEl3XmrsQzhlj6biHVi', 0, 0, NULL),
(8, 'Yulia', 'normansyf@gmail.com', NULL, '$2y$10$EOeBg7Ap4MJtpqyPaILyV.T4qqQmzePy.tdSFIq/MgSQd4l/eI402', 0, 0, '9qpF4SyMprxDSC68h8HwxokqQzZ8toeLTU8p8Nh25RJikBoKloVvQIsnu0TG');

-- --------------------------------------------------------

--
-- Table structure for table `verification`
--

CREATE TABLE `verification` (
  `id` bigint(20) UNSIGNED NOT NULL,
  `code` varchar(191) COLLATE utf8mb4_unicode_ci NOT NULL,
  `type` enum('phone','email','','') COLLATE utf8mb4_unicode_ci DEFAULT NULL,
  `user_id` bigint(20) NOT NULL,
  `expired` varchar(191) COLLATE utf8mb4_unicode_ci NOT NULL
) ENGINE=InnoDB DEFAULT CHARSET=utf8mb4 COLLATE=utf8mb4_unicode_ci;

--
-- Dumping data for table `verification`
--

INSERT INTO `verification` (`id`, `code`, `type`, `user_id`, `expired`) VALUES
(40, '3145', 'phone', 4, '1589627579'),
(41, '4510', 'email', 4, '1589630070'),
(42, '1544', 'email', 4, '1589630077'),
(43, '8986', 'email', 4, '1589630094'),
(44, '3290', 'phone', 4, '1589819220');

--
-- Indexes for dumped tables
--

--
-- Indexes for table `annotation`
--
ALTER TABLE `annotation`
  ADD PRIMARY KEY (`id`);

--
-- Indexes for table `migrations`
--
ALTER TABLE `migrations`
  ADD PRIMARY KEY (`id`);

--
-- Indexes for table `nodes`
--
ALTER TABLE `nodes`
  ADD PRIMARY KEY (`id`);

--
-- Indexes for table `notifications`
--
ALTER TABLE `notifications`
  ADD PRIMARY KEY (`id`),
  ADD KEY `notifications_notifiable_type_notifiable_id_index` (`notifiable_type`,`notifiable_id`);

--
-- Indexes for table `password_resets`
--
ALTER TABLE `password_resets`
  ADD KEY `password_resets_email_index` (`email`);

--
-- Indexes for table `sensors`
--
ALTER TABLE `sensors`
  ADD PRIMARY KEY (`id`);

--
-- Indexes for table `sensor_values`
--
ALTER TABLE `sensor_values`
  ADD PRIMARY KEY (`id`);

--
-- Indexes for table `users`
--
ALTER TABLE `users`
  ADD PRIMARY KEY (`id`),
  ADD UNIQUE KEY `users_email_unique` (`email`);

--
-- Indexes for table `verification`
--
ALTER TABLE `verification`
  ADD PRIMARY KEY (`id`);

--
-- AUTO_INCREMENT for dumped tables
--

--
-- AUTO_INCREMENT for table `annotation`
--
ALTER TABLE `annotation`
  MODIFY `id` bigint(20) UNSIGNED NOT NULL AUTO_INCREMENT, AUTO_INCREMENT=21;

--
-- AUTO_INCREMENT for table `migrations`
--
ALTER TABLE `migrations`
  MODIFY `id` int(10) UNSIGNED NOT NULL AUTO_INCREMENT, AUTO_INCREMENT=19;

--
-- AUTO_INCREMENT for table `nodes`
--
ALTER TABLE `nodes`
  MODIFY `id` bigint(20) UNSIGNED NOT NULL AUTO_INCREMENT, AUTO_INCREMENT=20;

--
-- AUTO_INCREMENT for table `sensors`
--
ALTER TABLE `sensors`
  MODIFY `id` bigint(20) UNSIGNED NOT NULL AUTO_INCREMENT, AUTO_INCREMENT=27;

--
-- AUTO_INCREMENT for table `sensor_values`
--
ALTER TABLE `sensor_values`
  MODIFY `id` bigint(20) UNSIGNED NOT NULL AUTO_INCREMENT, AUTO_INCREMENT=9843;

--
-- AUTO_INCREMENT for table `users`
--
ALTER TABLE `users`
  MODIFY `id` bigint(20) UNSIGNED NOT NULL AUTO_INCREMENT, AUTO_INCREMENT=9;

--
-- AUTO_INCREMENT for table `verification`
--
ALTER TABLE `verification`
  MODIFY `id` bigint(20) UNSIGNED NOT NULL AUTO_INCREMENT, AUTO_INCREMENT=45;
COMMIT;

/*!40101 SET CHARACTER_SET_CLIENT=@OLD_CHARACTER_SET_CLIENT */;
/*!40101 SET CHARACTER_SET_RESULTS=@OLD_CHARACTER_SET_RESULTS */;
/*!40101 SET COLLATION_CONNECTION=@OLD_COLLATION_CONNECTION */;
